date,weekday,setup,tier,open_pos,result,pnl_pts,entry,exit,va_range,poc,vah,val
2024-03-25,Lunes,BOUNCE_FROM_VAL,TIER1_CLEAN,BELOW_VA,LOSS,-18.4,18480.4,18462.1,91.8,18546.3,18572.3,18480.4
2024-03-26,Martes,BOUNCE_FROM_VAL,TIER1_CLEAN,BELOW_VA,LOSS,-8.3,18574.3,18566.0,41.5,18598.3,18615.8,18574.3
2024-03-27,Miércoles,FADE_GAP_UP,TIER1_CLEAN,ABOVE_VA,LOSS,-7.4,18548.5,18555.9,37.0,18522.0,18536.5,18499.6
2024-03-28,Jueves,BREAKOUT_BUY,TIER1_CLEAN,INSIDE_VA,LOSS,-32.8,18505.8,18473.1,28.5,18498.2,18505.8,18477.3
2024-03-28,Jueves,BREAKOUT_SELL,TIER1_CLEAN,INSIDE_VA,LOSS,-32.8,18477.3,18510.1,28.5,18498.2,18505.8,18477.3
2024-04-01,Lunes,BOUNCE_FROM_VAL,TIER1_CLEAN,BELOW_VA,LOSS,-13.1,18533.4,18520.3,65.7,18575.4,18599.1,18533.4
2024-04-03,Miércoles,BREAKOUT_BUY,TIER1_CLEAN,INSIDE_VA,WIN,35.9,18301.6,18337.5,35.9,18274.1,18301.6,18265.7
2024-04-03,Miércoles,BREAKOUT_SELL,TIER1_CLEAN,INSIDE_VA,LOSS,-41.3,18265.7,18307.0,35.9,18274.1,18301.6,18265.7
2024-04-04,Jueves,FADE_GAP_UP,TIER1_CLEAN,ABOVE_VA,LOSS,-12.2,18536.2,18548.5,61.1,18456.6,18476.2,18415.1
2024-04-05,Viernes,BREAKOUT_BUY,TIER1_CLEAN,INSIDE_VA,WIN,64.8,18162.5,18227.2,64.8,18137.1,18162.5,18097.8
2024-04-08,Lunes,FADE_GAP_UP,TIER1_CLEAN,ABOVE_VA,WIN,35.4,18358.5,18323.1,44.4,18292.9,18323.1,18278.8
2024-04-09,Martes,FADE_GAP_UP,TIER1_CLEAN,ABOVE_VA,LOSS,-13.4,18362.0,18375.4,66.9,18310.5,18336.1,18269.2
2024-04-11,Jueves,FADE_GAP_UP,TIER1_CLEAN,ABOVE_VA,LOSS,-19.9,18246.5,18266.4,99.4,18167.0,18210.8,18111.4
2024-04-12,Viernes,BOUNCE_FROM_VAL,TIER2_NORMAL,BELOW_VA,LOSS,-24.8,18325.3,18300.5,123.8,18419.8,18449.1,18325.3
2024-04-15,Lunes,FADE_GAP_UP,TIER1_CLEAN,ABOVE_VA,LOSS,-9.6,18331.2,18340.8,48.0,18273.8,18295.8,18247.8
2024-04-16,Martes,BREAKOUT_BUY,TIER1_CLEAN,INSIDE_VA,FLAT,-2.7,17893.2,17890.5,63.2,17870.0,17893.2,17830.0
2024-04-16,Martes,BREAKOUT_SELL,TIER1_CLEAN,INSIDE_VA,LOSS,-72.7,17830.0,17902.7,63.2,17870.0,17893.2,17830.0
2024-04-17,Miércoles,BREAKOUT_BUY,TIER1_CLEAN,INSIDE_VA,LOSS,-88.3,17942.8,17854.5,76.8,17918.1,17942.8,17866.0
2024-04-17,Miércoles,BREAKOUT_SELL,TIER1_CLEAN,INSIDE_VA,WIN,76.8,17866.0,17789.2,76.8,17918.1,17942.8,17866.0
2024-04-18,Jueves,BOUNCE_FROM_VAL,TIER1_CLEAN,BELOW_VA,LOSS,-12.9,17685.0,17672.1,64.3,17711.8,17749.3,17685.0
2024-04-19,Viernes,FADE_GAP_UP,TIER2_NORMAL,ABOVE_VA,WIN,50.0,17517.0,17467.0,114.9,17434.7,17467.0,17352.1
2024-04-22,Lunes,BREAKOUT_BUY,TIER1_CLEAN,INSIDE_VA,LOSS,-46.4,17298.1,17251.7,40.4,17277.9,17298.1,17257.7
2024-04-22,Lunes,BREAKOUT_SELL,TIER1_CLEAN,INSIDE_VA,LOSS,-46.4,17257.7,17304.2,40.4,17277.9,17298.1,17257.7
2024-04-23,Martes,FADE_GAP_UP,TIER1_CLEAN,ABOVE_VA,LOSS,-12.0,17422.2,17434.2,59.9,17394.2,17418.5,17358.7
2024-04-24,Miércoles,BREAKOUT_BUY,TIER1_CLEAN,INSIDE_VA,LOSS,-50.5,17740.1,17689.7,43.9,17727.0,17740.1,17696.2
2024-04-24,Miércoles,BREAKOUT_SELL,TIER1_CLEAN,INSIDE_VA,LOSS,-50.5,17696.2,17746.7,43.9,17727.0,17740.1,17696.2
2024-04-25,Jueves,BOUNCE_FROM_VAL,TIER1_CLEAN,BELOW_VA,LOSS,-15.7,17436.2,17420.5,78.4,17454.5,17514.6,17436.2
2024-04-26,Viernes,BREAKOUT_BUY,TIER1_CLEAN,INSIDE_VA,LOSS,-72.0,17776.8,17704.7,62.6,17737.1,17776.8,17714.1
2024-04-26,Viernes,BREAKOUT_SELL,TIER1_CLEAN,INSIDE_VA,LOSS,-72.0,17714.1,17786.1,62.6,17737.1,17776.8,17714.1
2024-04-29,Lunes,FADE_GAP_UP,TIER1_CLEAN,ABOVE_VA,LOSS,-6.4,17922.0,17928.4,32.0,17906.6,17920.5,17888.5
2024-04-30,Martes,BOUNCE_FROM_VAL,TIER1_CLEAN,BELOW_VA,LOSS,-12.1,17847.0,17834.9,60.5,17885.3,17907.5,17847.0
2024-05-01,Miércoles,FADE_GAP_UP,TIER1_CLEAN,ABOVE_VA,LOSS,-11.7,17498.0,17509.7,58.5,17468.6,17497.8,17439.3
2024-05-02,Jueves,BREAKOUT_SELL,TIER1_CLEAN,INSIDE_VA,WIN,50.1,17559.6,17509.5,50.1,17584.7,17609.7,17559.6
2024-05-03,Viernes,FADE_GAP_UP,TIER2_NORMAL,ABOVE_VA,LOSS,-25.9,17923.2,17949.1,129.5,17755.9,17857.1,17727.6
2024-05-06,Lunes,BREAKOUT_BUY,TIER1_CLEAN,INSIDE_VA,WIN,50.4,18060.9,18111.3,50.4,18044.6,18060.9,18010.4
2024-05-07,Martes,FADE_GAP_UP,TIER1_CLEAN,ABOVE_VA,LOSS,-4.8,18192.2,18197.0,24.0,18182.2,18189.4,18165.4
2024-05-08,Miércoles,BOUNCE_FROM_VAL,TIER1_CLEAN,BELOW_VA,LOSS,-16.3,18135.0,18118.7,81.7,18195.1,18216.8,18135.0
2024-05-09,Jueves,FADE_GAP_UP,TIER1_CLEAN,ABOVE_VA,LOSS,-8.4,18190.8,18199.1,41.9,18150.5,18165.0,18123.1
2024-05-10,Viernes,BOUNCE_FROM_VAL,TIER1_CLEAN,BELOW_VA,WIN,35.1,18254.9,18290.0,48.8,18290.0,18303.7,18254.9
2024-05-13,Lunes,FADE_GAP_UP,TIER1_CLEAN,ABOVE_VA,LOSS,-5.9,18325.0,18330.9,29.7,18298.1,18308.3,18278.6
2024-05-14,Martes,BREAKOUT_BUY,TIER1_CLEAN,INSIDE_VA,FLAT,12.0,18308.8,18320.8,76.4,18292.0,18308.8,18232.4
2024-05-15,Miércoles,FADE_GAP_UP,TIER1_CLEAN,ABOVE_VA,LOSS,-17.5,18510.2,18527.8,87.7,18411.1,18480.7,18393.0
2024-05-16,Jueves,BOUNCE_FROM_VAL,TIER1_CLEAN,BELOW_VA,LOSS,-3.9,18710.8,18706.9,19.4,18724.5,18730.2,18710.8
2024-05-17,Viernes,FADE_GAP_UP,TIER1_CLEAN,ABOVE_VA,WIN,7.3,18684.8,18677.4,32.5,18657.7,18677.4,18644.9
2024-05-20,Lunes,BOUNCE_FROM_VAL,TIER1_CLEAN,BELOW_VA,LOSS,-4.3,18655.6,18651.3,21.6,18670.2,18677.2,18655.6
2024-05-21,Martes,BOUNCE_FROM_VAL,TIER1_CLEAN,BELOW_VA,LOSS,-4.1,18737.8,18733.6,20.7,18752.9,18758.5,18737.8
2024-05-22,Miércoles,BREAKOUT_BUY,TIER1_CLEAN,INSIDE_VA,FLAT,7.5,18812.0,18819.5,28.5,18795.5,18812.0,18783.5
2024-05-23,Jueves,FADE_GAP_UP,TIER1_CLEAN,ABOVE_VA,WIN,13.8,19005.5,18991.7,63.2,18945.9,18991.7,18928.5
2024-05-24,Viernes,BREAKOUT_BUY,TIER1_CLEAN,INSIDE_VA,WIN,60.0,18772.8,18832.8,60.0,18738.2,18772.8,18712.8
2024-05-28,Martes,BREAKOUT_SELL,TIER1_CLEAN,INSIDE_VA,WIN,42.7,18907.2,18864.6,42.7,18921.9,18949.9,18907.2
2024-05-29,Miércoles,BREAKOUT_BUY,TIER1_CLEAN,INSIDE_VA,FLAT,-7.2,18857.8,18850.5,85.0,18813.1,18857.8,18772.8
2024-05-29,Miércoles,BREAKOUT_SELL,TIER1_CLEAN,INSIDE_VA,LOSS,-97.8,18772.8,18870.5,85.0,18813.1,18857.8,18772.8
2024-05-30,Jueves,BREAKOUT_SELL,TIER1_CLEAN,INSIDE_VA,FLAT,27.5,18696.5,18669.0,90.5,18750.4,18787.0,18696.5
2024-05-31,Viernes,FADE_GAP_UP,TIER1_CLEAN,ABOVE_VA,WIN,39.8,18647.0,18607.2,91.6,18543.0,18607.2,18515.5
2024-06-03,Lunes,BREAKOUT_BUY,TIER1_CLEAN,INSIDE_VA,WIN,45.3,18686.8,18732.1,45.3,18661.4,18686.8,18641.4
2024-06-03,Lunes,BREAKOUT_SELL,TIER1_CLEAN,INSIDE_VA,LOSS,-52.1,18641.4,18693.6,45.3,18661.4,18686.8,18641.4
2024-06-04,Martes,BREAKOUT_BUY,TIER1_CLEAN,INSIDE_VA,FLAT,-28.3,18614.3,18586.0,73.6,18562.8,18614.3,18540.7
2024-06-05,Miércoles,BREAKOUT_BUY,TIER1_CLEAN,INSIDE_VA,WIN,75.2,18828.2,18903.4,75.2,18780.2,18828.2,18753.1
2024-06-06,Jueves,BREAKOUT_BUY,TIER1_CLEAN,INSIDE_VA,LOSS,-31.0,19104.2,19073.2,27.0,19089.6,19104.2,19077.2
2024-06-06,Jueves,BREAKOUT_SELL,TIER1_CLEAN,INSIDE_VA,LOSS,-31.0,19077.2,19108.3,27.0,19089.6,19104.2,19077.2
2024-06-07,Viernes,BOUNCE_FROM_VAL,TIER2_NORMAL,BELOW_VA,LOSS,-20.7,19043.4,19022.7,103.4,19081.3,19146.8,19043.4
2024-06-10,Lunes,BREAKOUT_BUY,TIER1_CLEAN,INSIDE_VA,WIN,36.0,19028.3,19064.4,36.0,19016.7,19028.3,18992.3
2024-06-10,Lunes,BREAKOUT_SELL,TIER1_CLEAN,INSIDE_VA,LOSS,-41.5,18992.3,19033.7,36.0,19016.7,19028.3,18992.3
2024-06-11,Martes,BREAKOUT_BUY,TIER1_CLEAN,INSIDE_VA,LOSS,-51.5,19077.1,19025.6,44.8,19058.9,19077.1,19032.3
2024-06-11,Martes,BREAKOUT_SELL,TIER1_CLEAN,INSIDE_VA,LOSS,-51.5,19032.3,19083.8,44.8,19058.9,19077.1,19032.3
2024-06-12,Miércoles,FADE_GAP_UP,TIER2_NORMAL,ABOVE_VA,LOSS,-24.8,19422.2,19447.0,123.8,19265.7,19364.1,19240.2
2024-06-13,Jueves,BREAKOUT_BUY,TIER1_CLEAN,INSIDE_VA,LOSS,-61.7,19658.8,19597.2,53.6,19639.2,19658.8,19605.2
2024-06-13,Jueves,BREAKOUT_SELL,TIER1_CLEAN,INSIDE_VA,WIN,53.6,19605.2,19551.6,53.6,19639.2,19658.8,19605.2
2024-06-14,Viernes,BREAKOUT_BUY,TIER2_NORMAL,INSIDE_VA,FLAT,1.3,19616.4,19617.8,115.0,19556.4,19616.4,19501.5
2024-06-17,Lunes,BOUNCE_FROM_VAL,TIER1_CLEAN,BELOW_VA,LOSS,-5.4,19694.8,19689.4,26.9,19705.8,19721.6,19694.8
2024-06-18,Martes,BREAKOUT_SELL,TIER1_CLEAN,INSIDE_VA,WIN,43.9,19921.3,19877.4,43.9,19954.2,19965.2,19921.3
2024-06-21,Viernes,FADE_GAP_UP,TIER1_CLEAN,ABOVE_VA,WIN,0.3,19771.2,19770.9,65.9,19729.2,19770.9,19705.1
2024-06-24,Lunes,BOUNCE_FROM_VAL,TIER1_CLEAN,BELOW_VA,LOSS,-12.8,19940.8,19928.0,64.2,19956.9,20005.0,19940.8
2024-06-25,Martes,BREAKOUT_BUY,TIER1_CLEAN,INSIDE_VA,WIN,62.5,19842.7,19905.2,62.5,19828.1,19842.7,19780.2
2024-06-26,Miércoles,BOUNCE_FROM_VAL,TIER1_CLEAN,BELOW_VA,LOSS,-14.0,19981.7,19967.6,70.1,19998.0,20051.8,19981.7
2024-06-27,Jueves,FADE_GAP_UP,TIER1_CLEAN,ABOVE_VA,LOSS,-7.5,20004.5,20012.0,37.7,19963.3,19983.8,19946.1
2024-06-28,Viernes,BOUNCE_FROM_VAL,TIER1_CLEAN,BELOW_VA,LOSS,-8.0,20091.3,20083.3,40.0,20119.7,20131.3,20091.3
2024-07-01,Lunes,BREAKOUT_SELL,TIER1_CLEAN,INSIDE_VA,WIN,63.6,19929.3,19865.7,63.6,19979.0,19992.9,19929.3
2024-07-02,Martes,BREAKOUT_BUY,TIER1_CLEAN,INSIDE_VA,WIN,42.5,19970.2,20012.7,42.5,19950.7,19970.2,19927.7
2024-07-05,Viernes,BREAKOUT_BUY,TIER1_CLEAN,INSIDE_VA,WIN,32.8,20442.7,20475.5,32.8,20424.2,20442.7,20409.9
2024-07-08,Lunes,FADE_GAP_UP,TIER1_CLEAN,ABOVE_VA,LOSS,-7.3,20629.0,20636.3,36.3,20613.0,20621.2,20584.8
2024-07-09,Martes,BREAKOUT_BUY,TIER1_CLEAN,INSIDE_VA,WIN,22.2,20741.8,20764.1,22.2,20732.2,20741.8,20719.6
2024-07-09,Martes,BREAKOUT_SELL,TIER1_CLEAN,INSIDE_VA,LOSS,-25.6,20719.6,20745.2,22.2,20732.2,20741.8,20719.6
2024-07-10,Miércoles,FADE_GAP_UP,TIER1_CLEAN,ABOVE_VA,LOSS,-10.9,20754.5,20765.4,54.4,20730.6,20750.7,20696.2
2024-07-11,Jueves,BREAKOUT_SELL,TIER1_CLEAN,INSIDE_VA,WIN,66.9,20865.8,20798.9,66.9,20883.4,20932.6,20865.8
2024-07-12,Viernes,BREAKOUT_BUY,TIER1_CLEAN,INSIDE_VA,WIN,53.4,20446.2,20499.6,53.4,20421.8,20446.2,20392.8
2024-07-15,Lunes,BOUNCE_FROM_VAL,TIER1_CLEAN,BELOW_VA,LOSS,-5.8,20607.4,20601.6,29.1,20624.7,20636.6,20607.4
2024-07-16,Martes,BREAKOUT_BUY,TIER1_CLEAN,INSIDE_VA,LOSS,-68.5,20638.6,20570.1,59.6,20618.1,20638.6,20579.0
2024-07-16,Martes,BREAKOUT_SELL,TIER1_CLEAN,INSIDE_VA,LOSS,-68.5,20579.0,20647.5,59.6,20618.1,20638.6,20579.0
2024-07-17,Miércoles,BREAKOUT_SELL,TIER2_NORMAL,INSIDE_VA,WIN,110.2,20268.9,20158.7,110.2,20347.0,20379.1,20268.9
2024-07-18,Jueves,FADE_GAP_UP,TIER1_CLEAN,ABOVE_VA,LOSS,-14.4,20144.8,20159.2,72.0,20078.5,20128.9,20056.9
2024-07-19,Viernes,FADE_GAP_UP,TIER2_NORMAL,ABOVE_VA,LOSS,-24.1,19938.8,19962.9,120.7,19900.6,19934.5,19813.8
2024-07-22,Lunes,BREAKOUT_BUY,TIER2_NORMAL,INSIDE_VA,FLAT,-65.8,19931.0,19865.2,120.3,19896.2,19931.0,19810.7
2024-07-22,Lunes,BREAKOUT_SELL,TIER2_NORMAL,INSIDE_VA,LOSS,-138.4,19810.7,19949.0,120.3,19896.2,19931.0,19810.7
2024-07-23,Martes,BREAKOUT_BUY,TIER1_CLEAN,INSIDE_VA,WIN,78.5,19995.9,20074.4,78.5,19929.6,19995.9,19917.3
2024-07-25,Jueves,FADE_GAP_UP,TIER2_NORMAL,ABOVE_VA,WIN,0.0,19233.2,19233.2,114.1,19165.4,19233.2,19119.1
2024-07-26,Viernes,BREAKOUT_SELL,TIER1_CLEAN,INSIDE_VA,WIN,97.5,19139.0,19041.6,97.5,19187.8,19236.5,19139.0
2024-07-29,Lunes,BREAKOUT_BUY,TIER1_CLEAN,INSIDE_VA,LOSS,-87.2,19328.8,19241.6,75.9,19307.5,19328.8,19252.9
2024-07-29,Lunes,BREAKOUT_SELL,TIER1_CLEAN,INSIDE_VA,LOSS,-87.2,19252.9,19340.2,75.9,19307.5,19328.8,19252.9
2024-07-30,Martes,BREAKOUT_BUY,TIER1_CLEAN,INSIDE_VA,LOSS,-78.2,19275.5,19197.3,68.0,19255.1,19275.5,19207.5
2024-07-30,Martes,BREAKOUT_SELL,TIER1_CLEAN,INSIDE_VA,LOSS,-78.2,19207.5,19285.7,68.0,19255.1,19275.5,19207.5
2024-07-31,Miércoles,FADE_GAP_UP,TIER2_NORMAL,ABOVE_VA,LOSS,-24.2,19347.0,19371.2,121.2,19220.5,19294.1,19172.9
2024-08-01,Jueves,BREAKOUT_BUY,TIER1_CLEAN,INSIDE_VA,LOSS,-100.9,19648.9,19548.0,87.7,19595.6,19648.9,19561.2
2024-08-01,Jueves,BREAKOUT_SELL,TIER1_CLEAN,INSIDE_VA,LOSS,-100.9,19561.2,19662.0,87.7,19595.6,19648.9,19561.2
2024-08-02,Viernes,BOUNCE_FROM_VAL,TIER2_NORMAL,BELOW_VA,LOSS,-23.5,18645.8,18622.3,117.7,18719.4,18763.5,18645.8
2024-08-05,Lunes,BREAKOUT_BUY,TIER3_NOISY,INSIDE_VA,WIN,185.0,17882.9,18067.9,370.0,17663.2,17882.9,17512.9
2024-08-05,Lunes,BREAKOUT_SELL,TIER3_NOISY,INSIDE_VA,LOSS,-425.5,17512.9,17938.4,370.0,17663.2,17882.9,17512.9
2024-08-06,Martes,BREAKOUT_BUY,TIER3_NOISY,INSIDE_VA,FLAT,79.7,18261.6,18341.2,206.4,18139.0,18261.6,18055.2
2024-08-06,Martes,BREAKOUT_SELL,TIER3_NOISY,INSIDE_VA,LOSS,-237.4,18055.2,18292.6,206.4,18139.0,18261.6,18055.2
2024-08-07,Miércoles,BREAKOUT_BUY,TIER2_NORMAL,INSIDE_VA,FLAT,-54.7,18453.7,18399.0,128.8,18401.4,18453.7,18324.9
2024-08-08,Jueves,FADE_GAP_UP,TIER2_NORMAL,ABOVE_VA,LOSS,-26.0,18157.2,18183.2,130.0,17992.8,18041.5,17911.5
2024-08-09,Viernes,BOUNCE_FROM_VAL,TIER3_NOISY,BELOW_VA,LOSS,-30.4,18463.4,18433.0,151.9,18512.5,18615.3,18463.4
2024-08-12,Lunes,BREAKOUT_BUY,TIER1_CLEAN,INSIDE_VA,LOSS,-52.3,18678.3,18626.0,45.5,18652.6,18678.3,18632.8
2024-08-12,Lunes,BREAKOUT_SELL,TIER1_CLEAN,INSIDE_VA,WIN,45.5,18632.8,18587.3,45.5,18652.6,18678.3,18632.8
2024-08-13,Martes,FADE_GAP_UP,TIER2_NORMAL,ABOVE_VA,LOSS,-20.1,18815.2,18835.4,100.6,18739.2,18783.6,18683.0
2024-08-14,Miércoles,FADE_GAP_UP,TIER1_CLEAN,ABOVE_VA,LOSS,-13.1,19131.5,19144.6,65.4,19106.3,19130.8,19065.4
2024-08-15,Jueves,FADE_GAP_UP,TIER2_NORMAL,ABOVE_VA,LOSS,-26.7,19335.5,19362.2,133.4,19162.5,19247.0,19113.6
2024-08-16,Viernes,BOUNCE_FROM_VAL,TIER2_NORMAL,BELOW_VA,LOSS,-28.3,19541.7,19513.4,141.3,19632.0,19683.0,19541.7
2024-08-19,Lunes,FADE_GAP_UP,TIER1_CLEAN,ABOVE_VA,LOSS,-11.5,19622.2,19633.7,57.3,19580.5,19619.4,19562.1
2024-08-20,Martes,BOUNCE_FROM_VAL,TIER1_CLEAN,BELOW_VA,LOSS,-7.7,19862.3,19854.6,38.7,19878.7,19901.0,19862.3
2024-08-21,Miércoles,BREAKOUT_BUY,TIER1_CLEAN,INSIDE_VA,WIN,43.9,19849.1,19893.0,43.9,19828.3,19849.1,19805.2
2024-08-21,Miércoles,BREAKOUT_SELL,TIER1_CLEAN,INSIDE_VA,LOSS,-50.5,19805.2,19855.7,43.9,19828.3,19849.1,19805.2
2024-08-22,Jueves,BREAKOUT_BUY,TIER1_CLEAN,INSIDE_VA,LOSS,-90.5,19994.5,19904.0,78.7,19953.2,19994.5,19915.8
2024-08-22,Jueves,BREAKOUT_SELL,TIER1_CLEAN,INSIDE_VA,WIN,78.7,19915.8,19837.2,78.7,19953.2,19994.5,19915.8
2024-08-23,Viernes,FADE_GAP_UP,TIER1_CLEAN,ABOVE_VA,LOSS,-12.4,19757.0,19769.4,62.0,19688.0,19736.6,19674.7
2024-08-26,Lunes,BREAKOUT_SELL,TIER1_CLEAN,INSIDE_VA,WIN,67.5,19755.1,19687.6,67.5,19787.2,19822.6,19755.1
2024-08-27,Martes,BOUNCE_FROM_VAL,TIER1_CLEAN,BELOW_VA,LOSS,-14.5,19560.3,19545.8,72.2,19610.9,19632.6,19560.3
2024-08-28,Miércoles,BREAKOUT_SELL,TIER1_CLEAN,INSIDE_VA,WIN,51.3,19608.1,19556.8,51.3,19632.3,19659.4,19608.1
2024-08-29,Jueves,BREAKOUT_BUY,TIER2_NORMAL,INSIDE_VA,WIN,135.6,19516.2,19651.8,135.6,19448.5,19516.2,19380.7
2024-08-30,Viernes,BREAKOUT_BUY,TIER1_CLEAN,INSIDE_VA,LOSS,-73.9,19568.4,19494.5,64.3,19515.6,19568.4,19504.1
2024-08-30,Viernes,BREAKOUT_SELL,TIER1_CLEAN,INSIDE_VA,LOSS,-73.9,19504.1,19578.1,64.3,19515.6,19568.4,19504.1
2024-09-03,Martes,BREAKOUT_SELL,TIER2_NORMAL,INSIDE_VA,WIN,103.2,19451.0,19347.8,103.2,19505.8,19554.2,19451.0
2024-09-04,Miércoles,BREAKOUT_BUY,TIER1_CLEAN,INSIDE_VA,WIN,56.2,18912.8,18969.0,56.2,18877.1,18912.8,18856.5
2024-09-04,Miércoles,BREAKOUT_SELL,TIER1_CLEAN,INSIDE_VA,LOSS,-64.7,18856.5,18921.2,56.2,18877.1,18912.8,18856.5
2024-09-05,Jueves,BREAKOUT_BUY,TIER1_CLEAN,INSIDE_VA,WIN,87.4,18972.9,19060.2,87.4,18923.4,18972.9,18885.5
2024-09-05,Jueves,BREAKOUT_SELL,TIER1_CLEAN,INSIDE_VA,LOSS,-100.5,18885.5,18986.0,87.4,18923.4,18972.9,18885.5
2024-09-06,Viernes,FADE_GAP_UP,TIER2_NORMAL,ABOVE_VA,LOSS,-28.9,18933.2,18962.2,144.6,18758.3,18856.2,18711.5
2024-09-09,Lunes,BREAKOUT_BUY,TIER1_CLEAN,INSIDE_VA,WIN,55.1,18623.7,18678.8,55.1,18603.5,18623.7,18568.6
2024-09-09,Lunes,BREAKOUT_SELL,TIER1_CLEAN,INSIDE_VA,LOSS,-63.4,18568.6,18632.0,55.1,18603.5,18623.7,18568.6
2024-09-10,Martes,FADE_GAP_UP,TIER1_CLEAN,ABOVE_VA,LOSS,-18.7,18758.5,18777.2,93.6,18641.5,18707.1,18613.5
2024-09-11,Miércoles,FADE_GAP_UP,TIER1_CLEAN,ABOVE_VA,LOSS,-17.0,18860.2,18877.3,85.1,18798.6,18841.2,18756.1
2024-09-12,Jueves,BOUNCE_FROM_VAL,TIER1_CLEAN,BELOW_VA,LOSS,-9.4,19279.9,19270.5,47.1,19303.5,19327.0,19279.9
2024-09-13,Viernes,BREAKOUT_BUY,TIER1_CLEAN,INSIDE_VA,LOSS,-37.7,19470.8,19433.1,32.8,19449.4,19470.8,19438.0
2024-09-13,Viernes,BREAKOUT_SELL,TIER1_CLEAN,INSIDE_VA,LOSS,-37.7,19438.0,19475.7,32.8,19449.4,19470.8,19438.0
2024-09-16,Lunes,BREAKOUT_SELL,TIER1_CLEAN,INSIDE_VA,WIN,77.3,19427.0,19349.7,77.3,19448.3,19504.3,19427.0
2024-09-17,Martes,BREAKOUT_BUY,TIER1_CLEAN,INSIDE_VA,LOSS,-86.6,19571.6,19485.0,75.3,19539.8,19571.6,19496.3
2024-09-17,Martes,BREAKOUT_SELL,TIER1_CLEAN,INSIDE_VA,LOSS,-86.6,19496.3,19582.9,75.3,19539.8,19571.6,19496.3
2024-09-18,Miércoles,FADE_GAP_UP,TIER1_CLEAN,ABOVE_VA,LOSS,-7.4,19490.8,19498.1,36.9,19470.4,19481.5,19444.6
2024-09-19,Jueves,BREAKOUT_BUY,TIER2_NORMAL,INSIDE_VA,WIN,118.3,19784.0,19902.3,118.3,19763.3,19784.0,19665.7
2024-09-20,Viernes,FADE_GAP_UP,TIER1_CLEAN,ABOVE_VA,WIN,3.5,19829.5,19826.0,52.0,19800.0,19826.0,19774.0
2024-09-23,Lunes,BREAKOUT_BUY,TIER1_CLEAN,INSIDE_VA,FLAT,8.2,20097.0,20105.2,67.5,20073.4,20097.0,20029.5
2024-09-24,Martes,BREAKOUT_BUY,TIER1_CLEAN,INSIDE_VA,LOSS,-77.2,20152.4,20075.2,67.1,20123.3,20152.4,20085.3
2024-09-24,Martes,BREAKOUT_SELL,TIER1_CLEAN,INSIDE_VA,WIN,67.1,20085.3,20018.2,67.1,20123.3,20152.4,20085.3
2024-09-25,Miércoles,FADE_GAP_UP,TIER1_CLEAN,ABOVE_VA,LOSS,-10.0,20149.2,20159.2,49.9,20128.4,20142.4,20092.6
2024-09-26,Jueves,FADE_GAP_UP,TIER1_CLEAN,ABOVE_VA,LOSS,-11.9,20517.0,20528.9,59.5,20481.9,20506.3,20446.8
2024-09-27,Viernes,FADE_GAP_UP,TIER1_CLEAN,ABOVE_VA,WIN,23.9,20376.8,20352.9,96.5,20296.6,20352.9,20256.4
2024-09-30,Lunes,BREAKOUT_BUY,TIER1_CLEAN,INSIDE_VA,LOSS,-73.5,20217.4,20144.0,63.9,20194.0,20217.4,20153.6
2024-09-30,Lunes,BREAKOUT_SELL,TIER1_CLEAN,INSIDE_VA,LOSS,-73.5,20153.6,20227.0,63.9,20194.0,20217.4,20153.6
2024-10-01,Martes,BREAKOUT_SELL,TIER1_CLEAN,INSIDE_VA,WIN,40.2,20251.6,20211.3,40.2,20260.7,20291.8,20251.6
2024-10-02,Miércoles,FADE_GAP_UP,TIER1_CLEAN,ABOVE_VA,WIN,9.8,19981.0,19971.2,61.6,19938.2,19971.2,19909.6
2024-10-03,Jueves,BREAKOUT_BUY,TIER1_CLEAN,INSIDE_VA,WIN,66.7,19971.2,20037.9,66.7,19944.9,19971.2,19904.4
2024-10-03,Jueves,BREAKOUT_SELL,TIER1_CLEAN,INSIDE_VA,LOSS,-76.7,19904.4,19981.2,66.7,19944.9,19971.2,19904.4
2024-10-04,Viernes,FADE_GAP_UP,TIER3_NOISY,ABOVE_VA,WIN,99.5,20245.0,20145.5,155.3,20013.1,20145.5,19990.3
2024-10-07,Lunes,BREAKOUT_BUY,TIER2_NORMAL,INSIDE_VA,FLAT,-13.5,20163.8,20150.2,105.8,20102.1,20163.8,20058.0
2024-10-08,Martes,BREAKOUT_BUY,TIER2_NORMAL,INSIDE_VA,WIN,107.7,20104.0,20211.7,107.7,20079.8,20104.0,19996.3
2024-10-09,Miércoles,BREAKOUT_BUY,TIER1_CLEAN,INSIDE_VA,WIN,55.0,20276.8,20331.8,55.0,20259.1,20276.8,20221.9
2024-10-10,Jueves,BOUNCE_FROM_VAL,TIER1_CLEAN,BELOW_VA,LOSS,-14.6,20400.4,20385.8,72.9,20429.0,20473.3,20400.4
2024-10-11,Viernes,BREAKOUT_BUY,TIER1_CLEAN,INSIDE_VA,LOSS,-53.4,20403.8,20350.4,46.4,20375.6,20403.8,20357.3
2024-10-11,Viernes,BREAKOUT_SELL,TIER1_CLEAN,INSIDE_VA,LOSS,-53.4,20357.3,20410.7,46.4,20375.6,20403.8,20357.3
2024-10-14,Lunes,FADE_GAP_UP,TIER1_CLEAN,ABOVE_VA,LOSS,-15.6,20538.8,20554.4,78.1,20506.6,20531.8,20453.8
2024-10-15,Martes,FADE_GAP_UP,TIER1_CLEAN,ABOVE_VA,LOSS,-7.4,20624.5,20631.9,37.2,20606.5,20621.6,20584.4
2024-10-16,Miércoles,BOUNCE_FROM_VAL,TIER1_CLEAN,BELOW_VA,LOSS,-7.3,20350.6,20343.2,36.5,20367.7,20387.1,20350.6
2024-10-17,Jueves,BREAKOUT_BUY,TIER2_NORMAL,INSIDE_VA,LOSS,-146.4,20560.8,20414.4,127.3,20519.8,20560.8,20433.5
2024-10-17,Jueves,BREAKOUT_SELL,TIER2_NORMAL,INSIDE_VA,LOSS,-146.4,20433.5,20579.8,127.3,20519.8,20560.8,20433.5
2024-10-18,Viernes,FADE_GAP_UP,TIER1_CLEAN,ABOVE_VA,LOSS,-10.8,20478.8,20489.5,53.8,20442.3,20477.5,20423.6
2024-10-21,Lunes,BREAKOUT_BUY,TIER1_CLEAN,INSIDE_VA,WIN,88.2,20459.8,20548.0,88.2,20448.2,20459.8,20371.6
2024-10-21,Lunes,BREAKOUT_SELL,TIER1_CLEAN,INSIDE_VA,FLAT,-84.7,20371.6,20456.2,88.2,20448.2,20459.8,20371.6
2024-10-22,Martes,BREAKOUT_BUY,TIER1_CLEAN,INSIDE_VA,LOSS,-83.3,20449.7,20366.4,72.4,20405.0,20449.7,20377.3
2024-10-22,Martes,BREAKOUT_SELL,TIER1_CLEAN,INSIDE_VA,LOSS,-83.3,20377.3,20460.5,72.4,20405.0,20449.7,20377.3
2024-10-23,Miércoles,BREAKOUT_SELL,TIER1_CLEAN,INSIDE_VA,WIN,52.8,20453.4,20400.6,52.8,20478.2,20506.2,20453.4
2024-10-24,Jueves,BREAKOUT_SELL,TIER1_CLEAN,INSIDE_VA,WIN,65.1,20359.4,20294.3,65.1,20381.7,20424.4,20359.4
2024-10-25,Viernes,FADE_GAP_UP,TIER1_CLEAN,ABOVE_VA,LOSS,-14.6,20492.0,20506.6,73.2,20431.5,20476.8,20403.5
2024-10-28,Lunes,FADE_GAP_UP,TIER1_CLEAN,ABOVE_VA,WIN,1.4,20658.8,20657.4,44.7,20633.4,20657.4,20612.7
2024-10-29,Martes,BREAKOUT_BUY,TIER1_CLEAN,INSIDE_VA,WIN,50.0,20529.8,20579.8,50.0,20493.8,20529.8,20479.8
2024-10-29,Martes,BREAKOUT_SELL,TIER1_CLEAN,INSIDE_VA,LOSS,-57.5,20479.8,20537.2,50.0,20493.8,20529.8,20479.8
2024-10-31,Jueves,BREAKOUT_SELL,TIER1_CLEAN,INSIDE_VA,WIN,92.6,20326.7,20234.1,92.6,20390.6,20419.2,20326.7
2024-11-01,Viernes,BREAKOUT_BUY,TIER1_CLEAN,INSIDE_VA,LOSS,-45.5,20119.1,20073.7,39.5,20096.3,20119.1,20079.6
2024-11-01,Viernes,BREAKOUT_SELL,TIER1_CLEAN,INSIDE_VA,LOSS,-45.5,20079.6,20125.1,39.5,20096.3,20119.1,20079.6
2024-11-04,Lunes,BREAKOUT_BUY,TIER1_CLEAN,INSIDE_VA,LOSS,-67.6,20193.8,20126.2,58.8,20171.8,20193.8,20135.0
2024-11-04,Lunes,BREAKOUT_SELL,TIER1_CLEAN,INSIDE_VA,WIN,58.8,20135.0,20076.2,58.8,20171.8,20193.8,20135.0
2024-11-05,Martes,BREAKOUT_BUY,TIER1_CLEAN,INSIDE_VA,LOSS,-46.1,20163.2,20117.1,40.1,20145.8,20163.2,20123.1
2024-11-05,Martes,BREAKOUT_SELL,TIER1_CLEAN,INSIDE_VA,LOSS,-46.1,20123.1,20169.2,40.1,20145.8,20163.2,20123.1
2024-11-06,Miércoles,BREAKOUT_BUY,TIER1_CLEAN,INSIDE_VA,FLAT,67.0,20731.2,20798.2,91.2,20681.1,20731.2,20640.1
2024-11-07,Jueves,FADE_GAP_UP,TIER1_CLEAN,ABOVE_VA,LOSS,-9.7,20985.5,20995.2,48.4,20943.3,20975.0,20926.6
2024-11-08,Viernes,BREAKOUT_BUY,TIER2_NORMAL,INSIDE_VA,FLAT,-6.5,21225.5,21219.0,103.8,21161.8,21225.5,21121.8
2024-11-11,Lunes,BREAKOUT_SELL,TIER1_CLEAN,INSIDE_VA,WIN,36.4,21277.7,21241.3,36.4,21288.6,21314.1,21277.7
2024-11-12,Martes,BREAKOUT_BUY,TIER1_CLEAN,INSIDE_VA,LOSS,-55.9,21225.8,21169.8,48.6,21182.8,21225.8,21177.1
2024-11-12,Martes,BREAKOUT_SELL,TIER1_CLEAN,INSIDE_VA,FLAT,22.4,21177.1,21154.8,48.6,21182.8,21225.8,21177.1
2024-11-13,Miércoles,BREAKOUT_BUY,TIER1_CLEAN,INSIDE_VA,LOSS,-70.9,21177.1,21106.2,61.6,21127.3,21177.1,21115.5
2024-11-13,Miércoles,BREAKOUT_SELL,TIER1_CLEAN,INSIDE_VA,FLAT,-50.0,21115.5,21165.5,61.6,21127.3,21177.1,21115.5
2024-11-14,Jueves,BREAKOUT_SELL,TIER1_CLEAN,INSIDE_VA,WIN,56.5,21123.8,21067.2,56.5,21162.0,21180.3,21123.8
2024-11-15,Viernes,BOUNCE_FROM_VAL,TIER1_CLEAN,BELOW_VA,LOSS,-9.9,20812.2,20802.3,49.4,20845.9,20861.6,20812.2
2024-11-18,Lunes,BREAKOUT_BUY,TIER1_CLEAN,INSIDE_VA,LOSS,-107.5,20639.2,20531.7,93.5,20560.4,20639.2,20545.8
2024-11-18,Lunes,BREAKOUT_SELL,TIER1_CLEAN,INSIDE_VA,LOSS,-107.5,20545.8,20653.2,93.5,20560.4,20639.2,20545.8
2024-11-19,Martes,BOUNCE_FROM_VAL,TIER2_NORMAL,BELOW_VA,LOSS,-25.4,20497.5,20472.1,127.2,20583.8,20624.7,20497.5
2024-11-20,Miércoles,BREAKOUT_SELL,TIER1_CLEAN,INSIDE_VA,WIN,42.1,20786.1,20744.0,42.1,20796.6,20828.2,20786.1
2024-11-21,Jueves,FADE_GAP_UP,TIER3_NOISY,ABOVE_VA,LOSS,-33.3,20844.8,20878.0,166.5,20683.1,20771.0,20604.5
2024-11-22,Viernes,BREAKOUT_BUY,TIER1_CLEAN,INSIDE_VA,LOSS,-84.5,20817.2,20732.7,73.5,20792.0,20817.2,20743.8
2024-11-22,Viernes,BREAKOUT_SELL,TIER1_CLEAN,INSIDE_VA,LOSS,-84.5,20743.8,20828.2,73.5,20792.0,20817.2,20743.8
2024-11-25,Lunes,FADE_GAP_UP,TIER1_CLEAN,ABOVE_VA,LOSS,-7.0,20998.8,21005.8,35.0,20964.9,20979.2,20944.2
2024-11-26,Martes,FADE_GAP_UP,TIER1_CLEAN,ABOVE_VA,LOSS,-16.5,20943.2,20959.7,82.4,20888.0,20934.4,20852.0
2024-11-27,Miércoles,BREAKOUT_SELL,TIER1_CLEAN,INSIDE_VA,WIN,45.7,20924.3,20878.5,45.7,20965.7,20970.0,20924.3
2024-12-02,Lunes,FADE_GAP_UP,TIER1_CLEAN,ABOVE_VA,LOSS,-12.9,21027.0,21039.9,64.5,20954.5,21004.5,20940.0
2024-12-03,Martes,BOUNCE_FROM_VAL,TIER1_CLEAN,BELOW_VA,LOSS,-6.0,21196.4,21190.4,30.1,21220.0,21226.6,21196.4
2024-12-04,Miércoles,BREAKOUT_BUY,TIER1_CLEAN,INSIDE_VA,FLAT,23.8,21449.5,21473.2,70.8,21410.4,21449.5,21378.7
2024-12-05,Jueves,FADE_GAP_UP,TIER1_CLEAN,ABOVE_VA,LOSS,-5.8,21527.0,21532.8,29.2,21507.7,21521.5,21492.2
2024-12-06,Viernes,BREAKOUT_BUY,TIER1_CLEAN,INSIDE_VA,WIN,41.8,21491.0,21532.7,41.8,21474.6,21491.0,21449.2
2024-12-09,Lunes,BREAKOUT_SELL,TIER1_CLEAN,INSIDE_VA,WIN,72.2,21586.0,21513.8,72.2,21620.1,21658.2,21586.0
2024-12-10,Martes,BREAKOUT_BUY,TIER1_CLEAN,INSIDE_VA,WIN,66.0,21514.0,21580.0,66.0,21461.5,21514.0,21448.0
2024-12-11,Miércoles,FADE_GAP_UP,TIER1_CLEAN,ABOVE_VA,LOSS,-12.2,21528.5,21540.7,60.8,21442.7,21479.6,21418.8
2024-12-12,Jueves,BOUNCE_FROM_VAL,TIER1_CLEAN,BELOW_VA,LOSS,-14.0,21694.0,21680.0,70.0,21729.0,21764.0,21694.0
2024-12-13,Viernes,FADE_GAP_UP,TIER1_CLEAN,ABOVE_VA,LOSS,-19.1,21821.5,21840.6,95.7,21786.8,21821.0,21725.2
2024-12-16,Lunes,BREAKOUT_BUY,TIER1_CLEAN,INSIDE_VA,WIN,73.1,21913.5,21986.6,73.1,21859.8,21913.5,21840.4
2024-12-17,Martes,BREAKOUT_SELL,TIER1_CLEAN,INSIDE_VA,WIN,57.5,22025.5,21968.0,57.5,22055.8,22083.0,22025.5
2024-12-18,Miércoles,BOUNCE_FROM_VAL,TIER1_CLEAN,BELOW_VA,LOSS,-9.9,22027.8,22017.9,49.4,22062.4,22077.2,22027.8
2024-12-19,Jueves,BREAKOUT_BUY,TIER2_NORMAL,INSIDE_VA,LOSS,-159.3,21388.7,21229.4,138.5,21303.1,21388.7,21250.2
2024-12-19,Jueves,BREAKOUT_SELL,TIER2_NORMAL,INSIDE_VA,FLAT,-47.1,21250.2,21297.2,138.5,21303.1,21388.7,21250.2
2024-12-20,Viernes,BREAKOUT_BUY,TIER2_NORMAL,INSIDE_VA,FLAT,-10.8,20956.0,20945.2,143.9,20845.7,20956.0,20812.1
2024-12-23,Lunes,BOUNCE_FROM_VAL,TIER2_NORMAL,BELOW_VA,LOSS,-23.7,21590.3,21566.6,118.3,21665.9,21708.6,21590.3
2024-12-26,Jueves,BREAKOUT_BUY,TIER1_CLEAN,INSIDE_VA,LOSS,-93.7,21989.3,21895.6,81.5,21938.4,21989.3,21907.8
2024-12-26,Jueves,BREAKOUT_SELL,TIER1_CLEAN,INSIDE_VA,LOSS,-93.7,21907.8,22001.6,81.5,21938.4,21989.3,21907.8
2024-12-30,Lunes,BOUNCE_FROM_VAL,TIER3_NOISY,BELOW_VA,LOSS,-46.5,21458.2,21411.7,232.6,21652.0,21690.8,21458.2
2024-12-31,Martes,BREAKOUT_SELL,TIER2_NORMAL,INSIDE_VA,FLAT,73.6,21403.6,21330.0,121.2,21488.9,21524.8,21403.6
2025-01-02,Jueves,BREAKOUT_SELL,TIER1_CLEAN,INSIDE_VA,WIN,92.0,21352.5,21260.5,92.0,21372.6,21444.5,21352.5
2025-01-03,Viernes,BREAKOUT_BUY,TIER1_CLEAN,INSIDE_VA,WIN,40.2,21258.5,21298.7,40.2,21230.3,21258.5,21218.2
2025-01-06,Lunes,BREAKOUT_BUY,TIER2_NORMAL,INSIDE_VA,WIN,120.0,21760.5,21880.5,120.0,21716.5,21760.5,21640.5
2025-01-07,Martes,FADE_GAP_UP,TIER1_CLEAN,ABOVE_VA,LOSS,-11.0,21778.2,21789.3,55.1,21733.8,21771.1,21716.1
2025-01-08,Miércoles,BREAKOUT_SELL,TIER2_NORMAL,INSIDE_VA,FLAT,-96.0,21289.5,21385.5,136.0,21384.0,21425.6,21289.5
2025-01-09,Jueves,BREAKOUT_SELL,TIER1_CLEAN,INSIDE_VA,FLAT,-17.5,21284.0,21301.5,46.6,21313.1,21330.6,21284.0
2025-01-10,Viernes,BOUNCE_FROM_VAL,TIER3_NOISY,BELOW_VA,LOSS,-30.6,21176.0,21145.4,152.8,21279.7,21328.8,21176.0
2025-01-13,Lunes,BREAKOUT_BUY,TIER2_NORMAL,INSIDE_VA,FLAT,-105.8,20843.3,20737.5,117.9,20800.1,20843.3,20725.4
2025-01-13,Lunes,BREAKOUT_SELL,TIER2_NORMAL,INSIDE_VA,LOSS,-135.6,20725.4,20861.0,117.9,20800.1,20843.3,20725.4
2025-01-14,Martes,BREAKOUT_SELL,TIER2_NORMAL,INSIDE_VA,WIN,113.0,21017.2,20904.1,113.0,21053.7,21130.2,21017.2
2025-01-15,Miércoles,FADE_GAP_UP,TIER3_NOISY,ABOVE_VA,LOSS,-50.4,21281.5,21331.9,252.0,20944.0,21175.0,20923.0
2025-01-16,Jueves,BREAKOUT_SELL,TIER1_CLEAN,INSIDE_VA,WIN,100.0,21424.4,21324.4,100.0,21456.6,21524.4,21424.4
2025-01-17,Viernes,FADE_GAP_UP,TIER3_NOISY,ABOVE_VA,LOSS,-31.3,21541.8,21573.1,156.7,21344.8,21428.0,21271.3
2025-01-21,Martes,FADE_GAP_UP,TIER1_CLEAN,ABOVE_VA,WIN,4.9,21725.5,21720.6,76.0,21702.9,21720.6,21644.6
2025-01-22,Miércoles,FADE_GAP_UP,TIER1_CLEAN,ABOVE_VA,LOSS,-10.7,21930.5,21941.2,53.7,21888.5,21927.9,21874.2
2025-01-23,Jueves,BREAKOUT_BUY,TIER1_CLEAN,INSIDE_VA,LOSS,-47.9,21916.0,21868.2,41.6,21899.0,21916.0,21874.4
2025-01-23,Jueves,BREAKOUT_SELL,TIER1_CLEAN,INSIDE_VA,LOSS,-47.9,21874.4,21922.3,41.6,21899.0,21916.0,21874.4
2025-01-24,Viernes,BREAKOUT_BUY,TIER1_CLEAN,INSIDE_VA,WIN,26.4,22012.6,22038.9,26.4,22001.8,22012.6,21986.2
2025-01-24,Viernes,BREAKOUT_SELL,TIER1_CLEAN,INSIDE_VA,LOSS,-30.4,21986.2,22016.5,26.4,22001.8,22012.6,21986.2
2025-01-27,Lunes,BREAKOUT_BUY,TIER3_NOISY,INSIDE_VA,FLAT,-99.4,21308.6,21209.2,396.3,21048.6,21308.6,20912.4
2025-01-28,Martes,BREAKOUT_BUY,TIER2_NORMAL,INSIDE_VA,WIN,100.4,21376.2,21476.7,100.4,21343.7,21376.2,21275.8
2025-01-28,Martes,BREAKOUT_SELL,TIER2_NORMAL,INSIDE_VA,WIN,100.4,21275.8,21175.4,100.4,21343.7,21376.2,21275.8
2025-01-29,Miércoles,BOUNCE_FROM_VAL,TIER1_CLEAN,BELOW_VA,LOSS,-13.5,21623.1,21609.7,67.4,21665.8,21690.5,21623.1
2025-01-30,Jueves,FADE_GAP_UP,TIER1_CLEAN,ABOVE_VA,LOSS,-11.3,21668.5,21679.8,56.4,21651.8,21668.2,21611.8
2025-01-31,Viernes,BREAKOUT_BUY,TIER1_CLEAN,INSIDE_VA,LOSS,-44.9,21807.4,21762.5,39.1,21786.5,21807.4,21768.3
2025-01-31,Viernes,BREAKOUT_SELL,TIER1_CLEAN,INSIDE_VA,LOSS,-44.9,21768.3,21813.3,39.1,21786.5,21807.4,21768.3
2025-02-03,Lunes,BREAKOUT_BUY,TIER2_NORMAL,INSIDE_VA,LOSS,-115.2,21253.8,21138.6,100.2,21212.8,21253.8,21153.6
2025-02-03,Lunes,BREAKOUT_SELL,TIER2_NORMAL,INSIDE_VA,LOSS,-115.2,21153.6,21268.8,100.2,21212.8,21253.8,21153.6
2025-02-04,Martes,BREAKOUT_BUY,TIER2_NORMAL,INSIDE_VA,WIN,119.5,21472.9,21592.4,119.5,21391.8,21472.9,21353.4
2025-02-05,Miércoles,BREAKOUT_BUY,TIER1_CLEAN,INSIDE_VA,WIN,67.2,21537.4,21604.6,67.2,21490.3,21537.4,21470.1
2025-02-06,Jueves,BREAKOUT_BUY,TIER1_CLEAN,INSIDE_VA,LOSS,-87.6,21828.5,21740.9,76.2,21809.5,21828.5,21752.3
2025-02-06,Jueves,BREAKOUT_SELL,TIER1_CLEAN,INSIDE_VA,LOSS,-87.6,21752.3,21839.9,76.2,21809.5,21828.5,21752.3
2025-02-07,Viernes,BREAKOUT_BUY,TIER1_CLEAN,INSIDE_VA,WIN,51.2,21878.8,21930.0,51.2,21857.8,21878.8,21827.5
2025-02-07,Viernes,BREAKOUT_SELL,TIER1_CLEAN,INSIDE_VA,LOSS,-58.9,21827.5,21886.4,51.2,21857.8,21878.8,21827.5
2025-02-10,Lunes,FADE_GAP_UP,TIER1_CLEAN,ABOVE_VA,LOSS,-10.9,21780.5,21791.4,54.7,21712.0,21737.7,21683.0
2025-02-11,Martes,BOUNCE_FROM_VAL,TIER1_CLEAN,BELOW_VA,LOSS,-10.0,21726.6,21716.6,49.9,21749.4,21776.5,21726.6
2025-02-12,Miércoles,BOUNCE_FROM_VAL,TIER3_NOISY,BELOW_VA,LOSS,-33.5,21682.2,21648.7,167.8,21788.5,21850.0,21682.2
2025-02-13,Jueves,FADE_GAP_UP,TIER1_CLEAN,ABOVE_VA,LOSS,-16.8,21877.5,21894.2,83.8,21817.2,21870.2,21786.5
2025-02-14,Viernes,BREAKOUT_BUY,TIER1_CLEAN,INSIDE_VA,FLAT,-8.9,22147.4,22138.5,68.6,22113.1,22147.4,22078.8
2025-02-18,Martes,FADE_GAP_UP,TIER1_CLEAN,ABOVE_VA,WIN,6.2,22311.8,22305.6,35.4,22271.4,22305.6,22270.2
2025-02-19,Miércoles,BOUNCE_FROM_VAL,TIER1_CLEAN,BELOW_VA,LOSS,-10.9,22214.8,22203.9,54.5,22254.9,22269.3,22214.8
2025-02-20,Jueves,BREAKOUT_BUY,TIER1_CLEAN,INSIDE_VA,LOSS,-48.3,22211.9,22163.6,42.0,22205.3,22211.9,22169.9
2025-02-20,Jueves,BREAKOUT_SELL,TIER1_CLEAN,INSIDE_VA,LOSS,-48.3,22169.9,22218.2,42.0,22205.3,22211.9,22169.9
2025-02-21,Viernes,FADE_GAP_UP,TIER1_CLEAN,ABOVE_VA,WIN,20.9,22224.0,22203.1,98.9,22158.4,22203.1,22104.2
2025-02-24,Lunes,FADE_GAP_UP,TIER1_CLEAN,ABOVE_VA,WIN,1.9,21799.8,21797.8,48.4,21773.6,21797.8,21749.4
2025-02-25,Martes,BREAKOUT_SELL,TIER2_NORMAL,INSIDE_VA,WIN,110.5,21330.2,21219.7,110.5,21399.3,21440.7,21330.2
2025-02-26,Miércoles,BREAKOUT_BUY,TIER1_CLEAN,INSIDE_VA,LOSS,-53.8,21309.1,21255.3,46.8,21279.2,21309.1,21262.3
2025-02-26,Miércoles,BREAKOUT_SELL,TIER1_CLEAN,INSIDE_VA,WIN,46.8,21262.3,21215.5,46.8,21279.2,21309.1,21262.3
2025-02-27,Jueves,BREAKOUT_BUY,TIER1_CLEAN,INSIDE_VA,LOSS,-91.5,21353.3,21261.8,79.6,21316.8,21353.3,21273.7
2025-02-27,Jueves,BREAKOUT_SELL,TIER1_CLEAN,INSIDE_VA,LOSS,-91.5,21273.7,21365.3,79.6,21316.8,21353.3,21273.7
2025-02-28,Viernes,BOUNCE_FROM_VAL,TIER1_CLEAN,BELOW_VA,LOSS,-14.0,20605.2,20591.2,70.0,20655.6,20675.2,20605.2
2025-03-03,Lunes,FADE_GAP_UP,TIER3_NOISY,ABOVE_VA,LOSS,-31.2,21065.2,21096.5,156.2,20998.0,21044.2,20888.0
2025-03-04,Martes,BOUNCE_FROM_VAL,TIER3_NOISY,BELOW_VA,LOSS,-47.0,20347.8,20300.7,235.2,20545.6,20583.0,20347.8
2025-03-05,Miércoles,BOUNCE_FROM_VAL,TIER2_NORMAL,BELOW_VA,LOSS,-24.1,20456.4,20432.3,120.4,20520.4,20576.8,20456.4
2025-03-06,Jueves,BREAKOUT_BUY,TIER3_NOISY,INSIDE_VA,LOSS,-187.0,20484.9,20297.8,162.6,20374.5,20484.9,20322.2
2025-03-06,Jueves,BREAKOUT_SELL,TIER3_NOISY,INSIDE_VA,WIN,81.3,20322.2,20240.9,162.6,20374.5,20484.9,20322.2
2025-03-07,Viernes,BOUNCE_FROM_VAL,TIER2_NORMAL,BELOW_VA,LOSS,-20.3,20101.0,20080.7,101.6,20167.5,20202.6,20101.0
2025-03-10,Lunes,BREAKOUT_SELL,TIER3_NOISY,INSIDE_VA,WIN,92.3,19870.7,19778.4,184.6,19953.3,20055.3,19870.7
2025-03-11,Martes,BOUNCE_FROM_VAL,TIER1_CLEAN,BELOW_VA,LOSS,-19.4,19475.8,19456.4,97.1,19551.6,19572.9,19475.8
2025-03-12,Miércoles,BREAKOUT_BUY,TIER3_NOISY,INSIDE_VA,LOSS,-292.4,19775.1,19482.7,254.3,19554.3,19775.1,19520.8
2025-03-12,Miércoles,BREAKOUT_SELL,TIER3_NOISY,INSIDE_VA,FLAT,-112.2,19520.8,19633.0,254.3,19554.3,19775.1,19520.8
2025-03-13,Jueves,BREAKOUT_BUY,TIER2_NORMAL,INSIDE_VA,LOSS,-150.0,19585.0,19434.9,130.5,19481.3,19585.0,19454.5
2025-03-13,Jueves,BREAKOUT_SELL,TIER2_NORMAL,INSIDE_VA,WIN,130.5,19454.5,19324.0,130.5,19481.3,19585.0,19454.5
2025-03-14,Viernes,FADE_GAP_UP,TIER1_CLEAN,ABOVE_VA,LOSS,-17.4,19495.8,19513.2,87.2,19443.6,19484.4,19397.2
2025-03-17,Lunes,BREAKOUT_BUY,TIER3_NOISY,INSIDE_VA,FLAT,-89.0,19778.5,19689.5,163.9,19685.4,19778.5,19614.6
2025-03-18,Martes,BOUNCE_FROM_VAL,TIER1_CLEAN,BELOW_VA,LOSS,-13.3,19717.7,19704.4,66.6,19768.8,19784.3,19717.7
2025-03-19,Miércoles,BREAKOUT_BUY,TIER1_CLEAN,INSIDE_VA,LOSS,-74.3,19580.4,19506.1,64.6,19543.8,19580.4,19515.8
2025-03-19,Miércoles,BREAKOUT_SELL,TIER1_CLEAN,INSIDE_VA,LOSS,-74.3,19515.8,19590.1,64.6,19543.8,19580.4,19515.8
2025-03-20,Jueves,BOUNCE_FROM_VAL,TIER3_NOISY,BELOW_VA,LOSS,-49.5,19636.3,19586.8,247.5,19842.5,19883.8,19636.3
2025-03-24,Lunes,BREAKOUT_BUY,TIER1_CLEAN,INSIDE_VA,FLAT,78.2,20276.2,20354.5,96.1,20213.2,20276.2,20180.1
2025-03-25,Martes,FADE_GAP_UP,TIER1_CLEAN,ABOVE_VA,LOSS,-18.5,20407.0,20425.5,92.5,20337.0,20385.8,20293.2
2025-03-26,Miércoles,BREAKOUT_BUY,TIER1_CLEAN,INSIDE_VA,LOSS,-36.8,20484.3,20447.5,32.0,20460.3,20484.3,20452.3
2025-03-26,Miércoles,BREAKOUT_SELL,TIER1_CLEAN,INSIDE_VA,WIN,32.0,20452.3,20420.4,32.0,20460.3,20484.3,20452.3
2025-03-27,Jueves,BREAKOUT_BUY,TIER1_CLEAN,INSIDE_VA,LOSS,-78.2,20122.0,20043.8,68.0,20094.4,20122.0,20054.0
2025-03-27,Jueves,BREAKOUT_SELL,TIER1_CLEAN,INSIDE_VA,WIN,68.0,20054.0,19986.0,68.0,20094.4,20122.0,20054.0
2025-03-28,Viernes,BOUNCE_FROM_VAL,TIER1_CLEAN,BELOW_VA,LOSS,-15.3,19878.0,19862.7,76.3,19924.3,19954.2,19878.0
2025-03-31,Lunes,BREAKOUT_BUY,TIER1_CLEAN,INSIDE_VA,LOSS,-82.5,19246.6,19164.1,71.8,19218.4,19246.6,19174.9
2025-03-31,Lunes,BREAKOUT_SELL,TIER1_CLEAN,INSIDE_VA,WIN,71.8,19174.9,19103.1,71.8,19218.4,19246.6,19174.9
2025-04-01,Martes,BREAKOUT_BUY,TIER2_NORMAL,INSIDE_VA,LOSS,-122.5,19444.4,19321.9,106.5,19387.8,19444.4,19337.9
2025-04-01,Martes,BREAKOUT_SELL,TIER2_NORMAL,INSIDE_VA,LOSS,-122.5,19337.9,19460.4,106.5,19387.8,19444.4,19337.9
2025-04-02,Miércoles,BOUNCE_FROM_VAL,TIER3_NOISY,BELOW_VA,LOSS,-34.9,19418.1,19383.2,174.7,19522.1,19592.8,19418.1
2025-04-03,Jueves,BOUNCE_FROM_VAL,TIER3_NOISY,BELOW_VA,LOSS,-33.2,18955.7,18922.5,166.0,19027.6,19121.7,18955.7
2025-04-04,Viernes,BREAKOUT_SELL,TIER3_NOISY,INSIDE_VA,WIN,285.0,18105.8,17820.8,570.0,18576.0,18675.8,18105.8
2025-04-07,Lunes,BREAKOUT_BUY,TIER3_NOISY,INSIDE_VA,LOSS,-550.6,17224.8,16674.2,478.8,17051.9,17224.8,16746.0
2025-04-07,Lunes,BREAKOUT_SELL,TIER3_NOISY,INSIDE_VA,LOSS,-550.6,16746.0,17296.6,478.8,17051.9,17224.8,16746.0
2025-04-08,Martes,FADE_GAP_UP,TIER3_NOISY,ABOVE_VA,LOSS,-52.4,17982.0,18034.4,262.2,17767.3,17957.4,17695.2
2025-04-09,Miércoles,BREAKOUT_BUY,TIER3_NOISY,INSIDE_VA,WIN,207.0,17356.0,17563.0,414.0,17160.5,17356.0,16942.0
2025-04-10,Jueves,BREAKOUT_SELL,TIER3_NOISY,INSIDE_VA,WIN,120.6,18751.7,18631.2,241.1,18888.4,18992.8,18751.7
2025-04-11,Viernes,BREAKOUT_SELL,TIER3_NOISY,INSIDE_VA,WIN,104.2,18474.5,18370.3,208.3,18594.7,18682.8,18474.5
2025-04-14,Lunes,FADE_GAP_UP,TIER1_CLEAN,ABOVE_VA,LOSS,-15.9,19185.5,19201.4,79.7,19119.7,19151.0,19071.3
2025-04-15,Martes,BREAKOUT_BUY,TIER2_NORMAL,INSIDE_VA,WIN,122.7,18992.5,19115.2,122.7,18921.0,18992.5,18869.8
2025-04-16,Miércoles,BREAKOUT_SELL,TIER3_NOISY,INSIDE_VA,FLAT,-11.9,18575.8,18587.8,190.3,18676.9,18766.1,18575.8
2025-04-17,Jueves,BREAKOUT_SELL,TIER1_CLEAN,INSIDE_VA,WIN,84.9,18515.6,18430.6,84.9,18538.4,18600.5,18515.6
2025-04-21,Lunes,BREAKOUT_SELL,TIER2_NORMAL,INSIDE_VA,WIN,100.2,18091.8,17991.6,100.2,18147.8,18191.9,18091.8
2025-04-22,Martes,FADE_GAP_UP,TIER1_CLEAN,ABOVE_VA,LOSS,-15.9,18138.0,18153.9,79.7,18088.0,18124.5,18044.8
2025-04-23,Miércoles,FADE_GAP_UP,TIER3_NOISY,ABOVE_VA,LOSS,-38.7,18966.8,19005.4,193.5,18841.4,18952.6,18759.2
2025-04-24,Jueves,FADE_GAP_UP,TIER2_NORMAL,ABOVE_VA,LOSS,-28.9,18853.0,18881.9,144.5,18734.8,18820.6,18676.0
2025-04-25,Viernes,BOUNCE_FROM_VAL,TIER3_NOISY,BELOW_VA,LOSS,-39.1,19283.2,19244.1,195.6,19399.7,19478.9,19283.2
2025-04-28,Lunes,FADE_GAP_UP,TIER1_CLEAN,ABOVE_VA,LOSS,-11.7,19540.0,19551.7,58.7,19488.9,19525.5,19466.8
2025-04-29,Martes,BOUNCE_FROM_VAL,TIER1_CLEAN,BELOW_VA,LOSS,-18.8,19486.6,19467.8,94.0,19554.2,19580.6,19486.6
2025-04-30,Miércoles,BOUNCE_FROM_VAL,TIER3_NOISY,BELOW_VA,LOSS,-39.0,19428.0,19389.0,194.8,19568.0,19622.8,19428.0
2025-05-01,Jueves,BREAKOUT_BUY,TIER1_CLEAN,INSIDE_VA,LOSS,-87.6,20026.8,19939.1,76.2,19984.2,20026.8,19950.6
2025-05-01,Jueves,BREAKOUT_SELL,TIER1_CLEAN,INSIDE_VA,WIN,76.2,19950.6,19874.4,76.2,19984.2,20026.8,19950.6
2025-05-02,Viernes,FADE_GAP_UP,TIER1_CLEAN,ABOVE_VA,LOSS,-19.3,20095.8,20115.1,96.6,19924.4,19984.8,19888.2
2025-05-05,Lunes,BREAKOUT_BUY,TIER1_CLEAN,INSIDE_VA,WIN,75.2,20045.6,20120.9,75.2,19999.2,20045.6,19970.4
2025-05-06,Martes,BREAKOUT_BUY,TIER1_CLEAN,INSIDE_VA,LOSS,-112.5,19907.0,19794.4,97.9,19855.0,19907.0,19809.1
2025-05-06,Martes,BREAKOUT_SELL,TIER1_CLEAN,INSIDE_VA,LOSS,-112.5,19809.1,19921.7,97.9,19855.0,19907.0,19809.1
2025-05-07,Miércoles,BOUNCE_FROM_VAL,TIER1_CLEAN,BELOW_VA,LOSS,-10.2,19967.5,19957.3,51.0,19982.4,20018.5,19967.5
2025-05-08,Jueves,BREAKOUT_BUY,TIER1_CLEAN,INSIDE_VA,LOSS,-95.4,20220.8,20125.4,83.0,20190.8,20220.8,20137.8
2025-05-08,Jueves,BREAKOUT_SELL,TIER1_CLEAN,INSIDE_VA,WIN,83.0,20137.8,20054.9,83.0,20190.8,20220.8,20137.8
2025-05-09,Viernes,BREAKOUT_BUY,TIER1_CLEAN,INSIDE_VA,LOSS,-74.1,20234.2,20160.1,64.5,20197.0,20234.2,20169.8
2025-05-09,Viernes,BREAKOUT_SELL,TIER1_CLEAN,INSIDE_VA,LOSS,-74.1,20169.8,20243.9,64.5,20197.0,20234.2,20169.8
2025-05-12,Lunes,BREAKOUT_SELL,TIER3_NOISY,INSIDE_VA,FLAT,22.7,20787.4,20764.8,204.1,20905.2,20991.5,20787.4
2025-05-13,Martes,FADE_GAP_UP,TIER2_NORMAL,ABOVE_VA,LOSS,-24.8,21008.8,21033.5,123.9,20863.4,20941.9,20818.0
2025-05-14,Miércoles,BREAKOUT_BUY,TIER1_CLEAN,INSIDE_VA,FLAT,17.8,21358.5,21376.2,76.9,21308.0,21358.5,21281.5
2025-05-14,Miércoles,BREAKOUT_SELL,TIER1_CLEAN,INSIDE_VA,LOSS,-88.5,21281.5,21370.0,76.9,21308.0,21358.5,21281.5
2025-05-15,Jueves,BREAKOUT_BUY,TIER2_NORMAL,INSIDE_VA,WIN,104.8,21329.6,21434.4,104.8,21254.2,21329.6,21224.8
2025-05-16,Viernes,BREAKOUT_BUY,TIER1_CLEAN,INSIDE_VA,LOSS,-74.6,21496.4,21421.8,64.9,21452.4,21496.4,21431.5
2025-05-16,Viernes,BREAKOUT_SELL,TIER1_CLEAN,INSIDE_VA,WIN,64.9,21431.5,21366.6,64.9,21452.4,21496.4,21431.5
2025-05-19,Lunes,BREAKOUT_BUY,TIER1_CLEAN,INSIDE_VA,WIN,76.9,21236.8,21313.7,76.9,21168.7,21236.8,21159.8
2025-05-19,Lunes,BREAKOUT_SELL,TIER1_CLEAN,INSIDE_VA,LOSS,-88.5,21159.8,21248.3,76.9,21168.7,21236.8,21159.8
2025-05-20,Martes,BREAKOUT_SELL,TIER1_CLEAN,INSIDE_VA,WIN,46.6,21418.6,21372.0,46.6,21423.3,21465.2,21418.6
2025-05-21,Miércoles,BREAKOUT_BUY,TIER1_CLEAN,INSIDE_VA,LOSS,-65.1,21343.0,21277.9,56.6,21299.3,21343.0,21286.4
2025-05-21,Miércoles,BREAKOUT_SELL,TIER1_CLEAN,INSIDE_VA,LOSS,-65.1,21286.4,21351.5,56.6,21299.3,21343.0,21286.4
2025-05-22,Jueves,BREAKOUT_BUY,TIER1_CLEAN,INSIDE_VA,LOSS,-109.2,21223.2,21113.9,95.0,21192.6,21223.2,21128.2
2025-05-22,Jueves,BREAKOUT_SELL,TIER1_CLEAN,INSIDE_VA,LOSS,-109.2,21128.2,21237.4,95.0,21192.6,21223.2,21128.2
2025-05-23,Viernes,BOUNCE_FROM_VAL,TIER3_NOISY,BELOW_VA,FLAT,124.0,20811.2,20935.2,419.8,21155.4,21231.0,20811.2
2025-05-26,Lunes,BREAKOUT_BUY,TIER1_CLEAN,INSIDE_VA,LOSS,-68.5,21285.7,21217.2,59.5,21260.9,21285.7,21226.1
2025-05-26,Lunes,BREAKOUT_SELL,TIER1_CLEAN,INSIDE_VA,FLAT,-47.4,21226.1,21273.5,59.5,21260.9,21285.7,21226.1
2025-05-27,Martes,BREAKOUT_BUY,TIER1_CLEAN,INSIDE_VA,FLAT,46.4,21353.1,21399.5,86.7,21303.1,21353.1,21266.4
2025-05-27,Martes,BREAKOUT_SELL,TIER1_CLEAN,INSIDE_VA,LOSS,-99.7,21266.4,21366.1,86.7,21303.1,21353.1,21266.4
2025-05-28,Miércoles,BREAKOUT_BUY,TIER2_NORMAL,INSIDE_VA,FLAT,-70.0,21507.0,21437.0,100.0,21439.6,21507.0,21407.0
2025-05-29,Jueves,BOUNCE_FROM_VAL,TIER3_NOISY,BELOW_VA,LOSS,-33.4,21684.0,21650.7,166.8,21799.2,21850.8,21684.0
2025-05-30,Viernes,BREAKOUT_SELL,TIER1_CLEAN,INSIDE_VA,WIN,84.4,21330.1,21245.7,84.4,21378.8,21414.5,21330.1
2025-06-02,Lunes,FADE_GAP_UP,TIER1_CLEAN,ABOVE_VA,LOSS,-11.4,21285.0,21296.4,56.9,21239.8,21263.9,21207.0
2025-06-03,Martes,FADE_GAP_UP,TIER2_NORMAL,ABOVE_VA,LOSS,-20.2,21535.0,21555.2,101.0,21454.5,21505.0,21404.1
2025-06-04,Miércoles,BREAKOUT_BUY,TIER1_CLEAN,INSIDE_VA,LOSS,-72.7,21755.8,21683.2,63.2,21731.7,21755.8,21692.7
2025-06-04,Miércoles,BREAKOUT_SELL,TIER1_CLEAN,INSIDE_VA,LOSS,-72.7,21692.7,21765.3,63.2,21731.7,21755.8,21692.7
2025-06-05,Jueves,BREAKOUT_BUY,TIER1_CLEAN,INSIDE_VA,LOSS,-99.6,21811.4,21711.9,86.6,21777.4,21811.4,21724.9
2025-06-05,Jueves,BREAKOUT_SELL,TIER1_CLEAN,INSIDE_VA,LOSS,-99.6,21724.9,21824.4,86.6,21777.4,21811.4,21724.9
2025-06-06,Viernes,FADE_GAP_UP,TIER1_CLEAN,ABOVE_VA,LOSS,-13.4,21761.0,21774.4,67.2,21666.4,21700.0,21632.8
2025-06-09,Lunes,BREAKOUT_BUY,TIER1_CLEAN,INSIDE_VA,WIN,54.0,21817.9,21871.9,54.0,21794.1,21817.9,21763.9
2025-06-09,Lunes,BREAKOUT_SELL,TIER1_CLEAN,INSIDE_VA,LOSS,-62.1,21763.9,21826.0,54.0,21794.1,21817.9,21763.9
2025-06-10,Martes,BREAKOUT_BUY,TIER1_CLEAN,INSIDE_VA,LOSS,-99.9,21865.9,21766.0,86.9,21809.1,21865.9,21779.0
2025-06-10,Martes,BREAKOUT_SELL,TIER1_CLEAN,INSIDE_VA,FLAT,-95.5,21779.0,21874.5,86.9,21809.1,21865.9,21779.0
2025-06-11,Miércoles,FADE_GAP_UP,TIER2_NORMAL,ABOVE_VA,WIN,43.8,22029.8,21986.0,112.0,21926.0,21986.0,21874.0
2025-06-12,Jueves,BREAKOUT_BUY,TIER1_CLEAN,INSIDE_VA,WIN,80.0,21838.2,21918.2,80.0,21815.8,21838.2,21758.2
2025-06-13,Viernes,BREAKOUT_BUY,TIER1_CLEAN,INSIDE_VA,WIN,94.4,21677.6,21772.0,94.4,21649.3,21677.6,21583.2
2025-06-16,Lunes,BREAKOUT_BUY,TIER1_CLEAN,INSIDE_VA,WIN,91.6,21818.8,21910.4,91.6,21753.0,21818.8,21727.2
2025-06-17,Martes,BREAKOUT_BUY,TIER1_CLEAN,INSIDE_VA,WIN,50.4,21855.5,21905.9,50.4,21836.6,21855.5,21805.1
2025-06-17,Martes,BREAKOUT_SELL,TIER1_CLEAN,INSIDE_VA,LOSS,-58.0,21805.1,21863.1,50.4,21836.6,21855.5,21805.1
2025-06-18,Miércoles,BREAKOUT_BUY,TIER1_CLEAN,INSIDE_VA,WIN,50.5,21808.2,21858.7,50.5,21790.7,21808.2,21757.7
2025-06-18,Miércoles,BREAKOUT_SELL,TIER1_CLEAN,INSIDE_VA,WIN,50.5,21757.7,21707.2,50.5,21790.7,21808.2,21757.7
2025-06-20,Viernes,FADE_GAP_UP,TIER2_NORMAL,ABOVE_VA,LOSS,-23.0,21806.5,21829.5,115.0,21681.9,21765.2,21650.2
2025-06-23,Lunes,BREAKOUT_BUY,TIER2_NORMAL,INSIDE_VA,LOSS,-121.7,21906.9,21785.2,105.8,21885.1,21906.9,21801.1
2025-06-23,Lunes,BREAKOUT_SELL,TIER2_NORMAL,INSIDE_VA,LOSS,-121.7,21801.1,21922.8,105.8,21885.1,21906.9,21801.1
2025-06-24,Martes,BREAKOUT_BUY,TIER1_CLEAN,INSIDE_VA,FLAT,27.2,22335.0,22362.2,71.1,22305.0,22335.0,22264.0
2025-06-24,Martes,BREAKOUT_SELL,TIER1_CLEAN,INSIDE_VA,LOSS,-81.7,22264.0,22345.7,71.1,22305.0,22335.0,22264.0
2025-06-25,Miércoles,FADE_GAP_UP,TIER1_CLEAN,ABOVE_VA,LOSS,-13.1,22508.0,22521.1,65.5,22425.0,22471.6,22406.0
2025-06-26,Jueves,BREAKOUT_BUY,TIER1_CLEAN,INSIDE_VA,FLAT,34.5,22575.4,22610.0,44.6,22557.9,22575.4,22530.9
2025-06-26,Jueves,BREAKOUT_SELL,TIER1_CLEAN,INSIDE_VA,WIN,44.6,22530.9,22486.3,44.6,22557.9,22575.4,22530.9
2025-06-27,Viernes,BREAKOUT_BUY,TIER1_CLEAN,INSIDE_VA,LOSS,-46.6,22764.4,22717.8,40.5,22735.7,22764.4,22723.9
2025-06-27,Viernes,BREAKOUT_SELL,TIER1_CLEAN,INSIDE_VA,LOSS,-46.6,22723.9,22770.4,40.5,22735.7,22764.4,22723.9
2025-06-30,Lunes,BREAKOUT_SELL,TIER1_CLEAN,INSIDE_VA,WIN,32.9,22866.8,22833.9,32.9,22881.0,22899.7,22866.8
2025-07-01,Martes,BOUNCE_FROM_VAL,TIER1_CLEAN,BELOW_VA,LOSS,-9.8,22812.8,22803.0,48.9,22831.1,22861.7,22812.8
2025-07-02,Miércoles,BOUNCE_FROM_VAL,TIER2_NORMAL,BELOW_VA,LOSS,-25.2,22655.1,22629.8,126.2,22764.6,22781.2,22655.1
2025-07-04,Viernes,BOUNCE_FROM_VAL,TIER1_CLEAN,BELOW_VA,LOSS,-16.0,22935.3,22919.3,80.0,22999.7,23015.2,22935.3
2025-07-07,Lunes,BREAKOUT_BUY,TIER1_CLEAN,INSIDE_VA,LOSS,-60.8,22976.9,22916.1,52.8,22947.4,22976.9,22924.0
2025-07-07,Lunes,BREAKOUT_SELL,TIER1_CLEAN,INSIDE_VA,FLAT,-5.0,22924.0,22929.0,52.8,22947.4,22976.9,22924.0
2025-07-08,Martes,BREAKOUT_BUY,TIER1_CLEAN,INSIDE_VA,LOSS,-37.0,22954.4,22917.3,32.2,22934.8,22954.4,22922.2
2025-07-08,Martes,BREAKOUT_SELL,TIER1_CLEAN,INSIDE_VA,WIN,32.2,22922.2,22890.0,32.2,22934.8,22954.4,22922.2
2025-07-09,Miércoles,BREAKOUT_BUY,TIER1_CLEAN,INSIDE_VA,WIN,67.2,22955.8,23023.0,67.2,22931.5,22955.8,22888.6
2025-07-10,Jueves,BREAKOUT_BUY,TIER1_CLEAN,INSIDE_VA,LOSS,-69.3,23073.6,23004.3,60.3,23041.8,23073.6,23013.4
2025-07-10,Jueves,BREAKOUT_SELL,TIER1_CLEAN,INSIDE_VA,LOSS,-69.3,23013.4,23082.7,60.3,23041.8,23073.6,23013.4
2025-07-11,Viernes,BREAKOUT_BUY,TIER1_CLEAN,INSIDE_VA,WIN,66.5,22922.7,22989.2,66.5,22887.3,22922.7,22856.2
2025-07-14,Lunes,BREAKOUT_BUY,TIER1_CLEAN,INSIDE_VA,LOSS,-64.1,22909.0,22844.9,55.7,22882.9,22909.0,22853.3
2025-07-14,Lunes,BREAKOUT_SELL,TIER1_CLEAN,INSIDE_VA,LOSS,-64.1,22853.3,22917.4,55.7,22882.9,22909.0,22853.3
2025-07-15,Martes,FADE_GAP_UP,TIER1_CLEAN,ABOVE_VA,LOSS,-9.4,23196.0,23205.4,47.2,23166.7,23184.4,23137.2
2025-07-16,Miércoles,FADE_GAP_UP,TIER1_CLEAN,ABOVE_VA,LOSS,-14.5,23073.2,23087.8,72.7,22999.3,23043.5,22970.8
2025-07-17,Jueves,FADE_GAP_UP,TIER1_CLEAN,ABOVE_VA,LOSS,-10.8,23145.8,23156.6,54.1,23091.5,23126.8,23072.7
2025-07-18,Viernes,BREAKOUT_BUY,TIER1_CLEAN,INSIDE_VA,WIN,31.1,23286.2,23317.3,31.1,23271.6,23286.2,23255.1
2025-07-18,Viernes,BREAKOUT_SELL,TIER1_CLEAN,INSIDE_VA,LOSS,-35.7,23255.1,23290.9,31.1,23271.6,23286.2,23255.1
2025-07-21,Lunes,BOUNCE_FROM_VAL,TIER1_CLEAN,BELOW_VA,LOSS,-6.7,23264.9,23258.2,33.7,23287.8,23298.6,23264.9
2025-07-22,Martes,FADE_GAP_UP,TIER1_CLEAN,ABOVE_VA,LOSS,-9.1,23334.8,23343.8,45.3,23300.8,23331.5,23286.2
2025-07-23,Miércoles,BOUNCE_FROM_VAL,TIER1_CLEAN,BELOW_VA,LOSS,-6.0,23244.4,23238.4,30.2,23261.3,23274.6,23244.4
2025-07-24,Jueves,BREAKOUT_BUY,TIER1_CLEAN,INSIDE_VA,LOSS,-40.5,23392.7,23352.2,35.2,23383.9,23392.7,23357.4
2025-07-24,Jueves,BREAKOUT_SELL,TIER1_CLEAN,INSIDE_VA,LOSS,-40.5,23357.4,23398.0,35.2,23383.9,23392.7,23357.4
2025-07-25,Viernes,BREAKOUT_BUY,TIER1_CLEAN,INSIDE_VA,LOSS,-35.0,23387.5,23352.5,30.4,23372.3,23387.5,23357.0
2025-07-25,Viernes,BREAKOUT_SELL,TIER1_CLEAN,INSIDE_VA,LOSS,-35.0,23357.0,23392.0,30.4,23372.3,23387.5,23357.0
2025-07-28,Lunes,BREAKOUT_SELL,TIER1_CLEAN,INSIDE_VA,FLAT,-8.8,23484.8,23493.5,63.7,23496.5,23548.4,23484.8
2025-07-29,Martes,BREAKOUT_BUY,TIER1_CLEAN,INSIDE_VA,LOSS,-37.0,23608.6,23571.5,32.2,23592.5,23608.6,23576.4
2025-07-29,Martes,BREAKOUT_SELL,TIER1_CLEAN,INSIDE_VA,LOSS,-37.0,23576.4,23613.4,32.2,23592.5,23608.6,23576.4
2025-07-30,Miércoles,BREAKOUT_BUY,TIER1_CLEAN,INSIDE_VA,LOSS,-29.8,23508.1,23478.3,25.9,23503.1,23508.1,23482.2
2025-07-30,Miércoles,BREAKOUT_SELL,TIER1_CLEAN,INSIDE_VA,LOSS,-29.8,23482.2,23511.9,25.9,23503.1,23508.1,23482.2
2025-07-31,Jueves,BREAKOUT_SELL,TIER1_CLEAN,INSIDE_VA,WIN,36.9,23774.3,23737.4,36.9,23797.3,23811.2,23774.3
2025-08-01,Viernes,BREAKOUT_SELL,TIER1_CLEAN,INSIDE_VA,WIN,97.8,23060.8,22963.0,97.8,23095.1,23158.7,23060.8
2025-08-04,Lunes,BREAKOUT_BUY,TIER1_CLEAN,INSIDE_VA,WIN,75.8,23081.5,23157.3,75.8,23057.0,23081.5,23005.7
2025-08-05,Martes,BREAKOUT_BUY,TIER1_CLEAN,INSIDE_VA,LOSS,-59.5,23395.1,23335.7,51.7,23366.2,23395.1,23343.4
2025-08-05,Martes,BREAKOUT_SELL,TIER1_CLEAN,INSIDE_VA,WIN,51.7,23343.4,23291.7,51.7,23366.2,23395.1,23343.4
2025-08-06,Miércoles,BREAKOUT_BUY,TIER1_CLEAN,INSIDE_VA,WIN,59.9,23199.1,23258.9,59.9,23161.1,23199.1,23139.2
2025-08-07,Jueves,BREAKOUT_BUY,TIER2_NORMAL,INSIDE_VA,LOSS,-120.2,23639.0,23518.8,104.5,23605.2,23639.0,23534.4
2025-08-07,Jueves,BREAKOUT_SELL,TIER2_NORMAL,INSIDE_VA,LOSS,-120.2,23534.4,23654.7,104.5,23605.2,23639.0,23534.4
2025-08-08,Viernes,BOUNCE_FROM_VAL,TIER1_CLEAN,BELOW_VA,LOSS,-8.4,23534.6,23526.2,42.1,23564.9,23576.7,23534.6
2025-08-11,Lunes,BREAKOUT_BUY,TIER1_CLEAN,INSIDE_VA,FLAT,9.7,23754.6,23764.2,48.2,23736.9,23754.6,23706.4
2025-08-11,Lunes,BREAKOUT_SELL,TIER1_CLEAN,INSIDE_VA,LOSS,-55.5,23706.4,23761.8,48.2,23736.9,23754.6,23706.4
2025-08-12,Martes,FADE_GAP_UP,TIER2_NORMAL,ABOVE_VA,LOSS,-24.1,23772.5,23796.6,120.5,23637.7,23731.8,23611.3
2025-08-13,Miércoles,BREAKOUT_BUY,TIER1_CLEAN,INSIDE_VA,LOSS,-53.1,24023.4,23970.2,46.2,23988.7,24023.4,23977.2
2025-08-13,Miércoles,BREAKOUT_SELL,TIER1_CLEAN,INSIDE_VA,WIN,46.2,23977.2,23931.0,46.2,23988.7,24023.4,23977.2
2025-08-14,Jueves,BOUNCE_FROM_VAL,TIER1_CLEAN,BELOW_VA,LOSS,-18.5,23874.2,23855.7,92.5,23929.2,23966.8,23874.2
2025-08-15,Viernes,BREAKOUT_SELL,TIER1_CLEAN,INSIDE_VA,WIN,54.6,23878.1,23823.5,54.6,23888.7,23932.7,23878.1
2025-08-18,Lunes,BREAKOUT_BUY,TIER1_CLEAN,INSIDE_VA,LOSS,-64.7,23803.8,23739.1,56.2,23773.6,23803.8,23747.5
2025-08-18,Lunes,BREAKOUT_SELL,TIER1_CLEAN,INSIDE_VA,LOSS,-64.7,23747.5,23812.2,56.2,23773.6,23803.8,23747.5
2025-08-19,Martes,BREAKOUT_SELL,TIER1_CLEAN,INSIDE_VA,WIN,34.5,23743.1,23708.6,34.5,23759.1,23777.6,23743.1
2025-08-20,Miércoles,BREAKOUT_SELL,TIER1_CLEAN,INSIDE_VA,WIN,54.9,23385.3,23330.3,54.9,23410.8,23440.2,23385.3
2025-08-21,Jueves,BOUNCE_FROM_VAL,TIER1_CLEAN,BELOW_VA,LOSS,-17.3,23271.3,23253.9,86.6,23334.9,23357.8,23271.3
2025-08-22,Viernes,BREAKOUT_BUY,TIER2_NORMAL,INSIDE_VA,WIN,102.0,23280.8,23382.8,102.0,23250.2,23280.8,23178.8
2025-08-25,Lunes,BREAKOUT_BUY,TIER1_CLEAN,INSIDE_VA,WIN,60.2,23522.2,23582.4,60.2,23492.1,23522.2,23462.0
2025-08-25,Lunes,BREAKOUT_SELL,TIER1_CLEAN,INSIDE_VA,LOSS,-69.2,23462.0,23531.2,60.2,23492.1,23522.2,23462.0
2025-08-26,Martes,BREAKOUT_BUY,TIER1_CLEAN,INSIDE_VA,LOSS,-41.5,23478.4,23436.9,36.1,23458.9,23478.4,23442.3
2025-08-26,Martes,BREAKOUT_SELL,TIER1_CLEAN,INSIDE_VA,LOSS,-41.5,23442.3,23483.8,36.1,23458.9,23478.4,23442.3
2025-08-27,Miércoles,BOUNCE_FROM_VAL,TIER1_CLEAN,BELOW_VA,LOSS,-6.2,23584.8,23578.6,30.9,23597.3,23615.7,23584.8
2025-08-28,Jueves,BREAKOUT_BUY,TIER1_CLEAN,INSIDE_VA,LOSS,-60.9,23645.7,23584.8,53.0,23615.1,23645.7,23592.7
2025-08-28,Jueves,BREAKOUT_SELL,TIER1_CLEAN,INSIDE_VA,LOSS,-60.9,23592.7,23653.6,53.0,23615.1,23645.7,23592.7
2025-08-29,Viernes,BREAKOUT_SELL,TIER1_CLEAN,INSIDE_VA,WIN,62.2,23620.8,23558.6,62.2,23635.3,23683.0,23620.8
2025-09-02,Martes,BOUNCE_FROM_VAL,TIER3_NOISY,BELOW_VA,LOSS,-47.0,23099.6,23052.7,234.9,23301.9,23334.6,23099.6
2025-09-03,Miércoles,BREAKOUT_BUY,TIER1_CLEAN,INSIDE_VA,FLAT,-43.0,23458.5,23415.5,90.3,23425.9,23458.5,23368.2
2025-09-04,Jueves,BREAKOUT_BUY,TIER1_CLEAN,INSIDE_VA,LOSS,-48.3,23518.2,23469.9,42.0,23480.4,23518.2,23476.2
2025-09-04,Jueves,BREAKOUT_SELL,TIER1_CLEAN,INSIDE_VA,LOSS,-48.3,23476.2,23524.5,42.0,23480.4,23518.2,23476.2
2025-09-05,Viernes,FADE_GAP_UP,TIER1_CLEAN,ABOVE_VA,LOSS,-13.0,23873.8,23886.7,64.8,23782.8,23805.2,23740.4
2025-09-08,Lunes,BREAKOUT_BUY,TIER1_CLEAN,INSIDE_VA,WIN,32.8,23779.1,23811.8,32.8,23762.7,23779.1,23746.3
2025-09-09,Martes,BREAKOUT_BUY,TIER1_CLEAN,INSIDE_VA,LOSS,-26.5,23855.7,23829.2,23.0,23840.0,23855.7,23832.7
2025-09-09,Martes,BREAKOUT_SELL,TIER1_CLEAN,INSIDE_VA,WIN,23.0,23832.7,23809.7,23.0,23840.0,23855.7,23832.7
2025-09-10,Miércoles,FADE_GAP_UP,TIER1_CLEAN,ABOVE_VA,WIN,46.4,24004.2,23957.8,70.2,23922.8,23957.8,23887.6
2025-09-11,Jueves,FADE_GAP_UP,TIER1_CLEAN,ABOVE_VA,LOSS,-14.7,23959.0,23973.7,73.6,23923.1,23953.0,23879.4
2025-09-12,Viernes,FADE_GAP_UP,TIER1_CLEAN,ABOVE_VA,LOSS,-6.4,24041.8,24048.1,31.9,24018.2,24038.1,24006.2
2025-09-15,Lunes,BREAKOUT_BUY,TIER1_CLEAN,INSIDE_VA,WIN,62.2,24174.2,24236.5,62.2,24139.9,24174.2,24112.0
2025-09-16,Martes,BOUNCE_FROM_VAL,TIER3_NOISY,BELOW_VA,LOSS,-41.7,24355.6,24313.9,208.3,24360.8,24563.9,24355.6
2025-09-17,Miércoles,BREAKOUT_BUY,TIER1_CLEAN,INSIDE_VA,LOSS,-40.8,24527.2,24486.4,35.5,24512.7,24527.2,24491.7
2025-09-17,Miércoles,BREAKOUT_SELL,TIER1_CLEAN,INSIDE_VA,LOSS,-40.8,24491.7,24532.5,35.5,24512.7,24527.2,24491.7
2025-09-18,Jueves,BREAKOUT_BUY,TIER1_CLEAN,INSIDE_VA,FLAT,-26.2,24762.8,24736.5,99.9,24712.8,24762.8,24662.9
2025-09-18,Jueves,BREAKOUT_SELL,TIER1_CLEAN,INSIDE_VA,LOSS,-114.9,24662.9,24777.7,99.9,24712.8,24762.8,24662.9
2025-09-19,Viernes,FADE_GAP_UP,TIER1_CLEAN,ABOVE_VA,LOSS,-11.3,24738.2,24749.6,56.5,24713.2,24738.1,24681.6
2025-09-22,Lunes,BREAKOUT_BUY,TIER1_CLEAN,INSIDE_VA,WIN,52.6,24816.4,24869.0,52.6,24780.7,24816.4,24763.8
2025-09-23,Martes,BREAKOUT_SELL,TIER1_CLEAN,INSIDE_VA,WIN,24.7,24987.1,24962.4,24.7,25000.4,25011.9,24987.1
2025-09-24,Miércoles,BREAKOUT_SELL,TIER1_CLEAN,INSIDE_VA,WIN,35.7,24870.2,24834.5,35.7,24886.7,24905.8,24870.2
2025-09-25,Jueves,BOUNCE_FROM_VAL,TIER3_NOISY,BELOW_VA,LOSS,-31.6,24608.9,24577.3,157.8,24739.1,24766.7,24608.9
2025-09-26,Viernes,FADE_GAP_UP,TIER1_CLEAN,ABOVE_VA,LOSS,-16.6,24694.0,24710.6,83.2,24613.8,24670.3,24587.1
2025-09-29,Lunes,BREAKOUT_BUY,TIER1_CLEAN,INSIDE_VA,WIN,54.5,24903.1,24957.6,54.5,24875.8,24903.1,24848.5
2025-09-29,Lunes,BREAKOUT_SELL,TIER1_CLEAN,INSIDE_VA,LOSS,-62.7,24848.5,24911.3,54.5,24875.8,24903.1,24848.5
2025-09-30,Martes,BREAKOUT_BUY,TIER1_CLEAN,INSIDE_VA,LOSS,-57.9,24835.4,24777.4,50.4,24810.2,24835.4,24785.0
2025-09-30,Martes,BREAKOUT_SELL,TIER1_CLEAN,INSIDE_VA,WIN,50.4,24785.0,24734.6,50.4,24810.2,24835.4,24785.0
2025-10-01,Miércoles,BREAKOUT_BUY,TIER2_NORMAL,INSIDE_VA,WIN,103.3,24805.5,24908.8,103.3,24762.4,24805.5,24702.2
2025-10-02,Jueves,FADE_GAP_UP,TIER1_CLEAN,ABOVE_VA,LOSS,-13.6,25162.0,25175.6,67.9,25109.5,25122.7,25054.8
2025-10-03,Viernes,BOUNCE_FROM_VAL,TIER1_CLEAN,BELOW_VA,LOSS,-10.6,25140.4,25129.8,53.0,25176.2,25193.4,25140.4
2025-10-07,Martes,FADE_GAP_UP,TIER1_CLEAN,ABOVE_VA,LOSS,-13.8,25254.2,25268.1,69.2,25173.2,25205.6,25136.4
2025-10-08,Miércoles,BREAKOUT_BUY,TIER1_CLEAN,INSIDE_VA,WIN,36.9,25094.4,25131.4,36.9,25084.5,25094.4,25057.5
2025-10-08,Miércoles,BREAKOUT_SELL,TIER1_CLEAN,INSIDE_VA,LOSS,-42.5,25057.5,25100.0,36.9,25084.5,25094.4,25057.5
2025-10-09,Jueves,BREAKOUT_SELL,TIER1_CLEAN,INSIDE_VA,WIN,31.7,25311.6,25279.9,31.7,25332.3,25343.3,25311.6
2025-10-10,Viernes,BREAKOUT_BUY,TIER1_CLEAN,INSIDE_VA,WIN,41.2,25333.6,25374.9,41.2,25318.2,25333.6,25292.4
2025-10-10,Viernes,BREAKOUT_SELL,TIER1_CLEAN,INSIDE_VA,LOSS,-47.4,25292.4,25339.8,41.2,25318.2,25333.6,25292.4
2025-10-13,Lunes,BREAKOUT_BUY,TIER1_CLEAN,INSIDE_VA,LOSS,-108.9,24875.1,24766.2,94.7,24844.6,24875.1,24780.4
2025-10-13,Lunes,BREAKOUT_SELL,TIER1_CLEAN,INSIDE_VA,LOSS,-108.9,24780.4,24889.3,94.7,24844.6,24875.1,24780.4
2025-10-14,Martes,BREAKOUT_BUY,TIER3_NOISY,INSIDE_VA,WIN,81.5,24728.2,24809.8,163.0,24634.2,24728.2,24565.2
2025-10-14,Martes,BREAKOUT_SELL,TIER3_NOISY,INSIDE_VA,WIN,81.5,24565.2,24483.7,163.0,24634.2,24728.2,24565.2
2025-10-15,Miércoles,FADE_GAP_UP,TIER2_NORMAL,ABOVE_VA,WIN,25.2,25022.5,24997.3,105.8,24958.5,24997.3,24891.6
2025-10-16,Jueves,BREAKOUT_BUY,TIER1_CLEAN,INSIDE_VA,WIN,84.9,25087.1,25172.0,84.9,25047.7,25087.1,25002.2
2025-10-16,Jueves,BREAKOUT_SELL,TIER1_CLEAN,INSIDE_VA,LOSS,-97.7,25002.2,25099.9,84.9,25047.7,25087.1,25002.2
2025-10-17,Viernes,FADE_GAP_UP,TIER3_NOISY,ABOVE_VA,LOSS,-49.7,24737.0,24786.7,248.6,24508.4,24698.1,24449.5
2025-10-20,Lunes,FADE_GAP_UP,TIER1_CLEAN,ABOVE_VA,LOSS,-10.7,25129.5,25140.2,53.4,25097.2,25125.8,25072.4
2025-10-21,Martes,BREAKOUT_BUY,TIER1_CLEAN,INSIDE_VA,LOSS,-43.0,25305.3,25262.3,37.4,25281.7,25305.3,25268.0
2025-10-21,Martes,BREAKOUT_SELL,TIER1_CLEAN,INSIDE_VA,WIN,37.4,25268.0,25230.6,37.4,25281.7,25305.3,25268.0
2025-10-22,Miércoles,BREAKOUT_SELL,TIER1_CLEAN,INSIDE_VA,WIN,79.1,25232.8,25153.8,79.1,25265.8,25311.9,25232.8
2025-10-23,Jueves,BREAKOUT_BUY,TIER2_NORMAL,INSIDE_VA,LOSS,-139.1,25115.3,24976.2,121.0,25080.2,25115.3,24994.3
2025-10-23,Jueves,BREAKOUT_SELL,TIER2_NORMAL,INSIDE_VA,LOSS,-139.1,24994.3,25133.4,121.0,25080.2,25115.3,24994.3
2025-10-24,Viernes,FADE_GAP_UP,TIER1_CLEAN,ABOVE_VA,LOSS,-16.2,25459.0,25475.2,81.2,25364.2,25401.4,25320.2
2025-10-27,Lunes,BREAKOUT_BUY,TIER1_CLEAN,INSIDE_VA,WIN,59.5,25849.2,25908.7,59.5,25831.0,25849.2,25789.6
2025-10-28,Martes,FADE_GAP_UP,TIER1_CLEAN,ABOVE_VA,LOSS,-9.8,26012.2,26022.1,49.2,25979.9,25994.9,25945.7
2025-10-29,Miércoles,BREAKOUT_BUY,TIER1_CLEAN,INSIDE_VA,LOSS,-47.5,26285.9,26238.4,41.3,26263.8,26285.9,26244.6
2025-10-29,Miércoles,BREAKOUT_SELL,TIER1_CLEAN,INSIDE_VA,LOSS,-47.5,26244.6,26292.1,41.3,26263.8,26285.9,26244.6
2025-10-31,Viernes,BREAKOUT_SELL,TIER1_CLEAN,INSIDE_VA,WIN,65.0,26161.3,26096.3,65.0,26189.5,26226.3,26161.3
2025-11-03,Lunes,BREAKOUT_BUY,TIER2_NORMAL,INSIDE_VA,LOSS,-126.7,26191.2,26064.5,110.2,26147.8,26191.2,26081.0
2025-11-03,Lunes,BREAKOUT_SELL,TIER2_NORMAL,INSIDE_VA,FLAT,-37.5,26081.0,26118.5,110.2,26147.8,26191.2,26081.0
2025-11-04,Martes,BREAKOUT_BUY,TIER1_CLEAN,INSIDE_VA,LOSS,-106.3,25792.9,25686.6,92.4,25760.5,25792.9,25700.4
2025-11-04,Martes,BREAKOUT_SELL,TIER1_CLEAN,INSIDE_VA,LOSS,-106.3,25700.4,25806.7,92.4,25760.5,25792.9,25700.4
2025-11-05,Miércoles,FADE_GAP_UP,TIER1_CLEAN,ABOVE_VA,LOSS,-16.6,25586.8,25603.4,83.2,25516.0,25544.8,25461.6
2025-11-06,Jueves,BREAKOUT_SELL,TIER2_NORMAL,INSIDE_VA,WIN,128.5,25693.8,25565.2,128.5,25767.6,25822.2,25693.8
2025-11-07,Viernes,BOUNCE_FROM_VAL,TIER3_NOISY,BELOW_VA,LOSS,-46.9,25120.4,25073.5,234.4,25320.6,25354.8,25120.4
2025-11-10,Lunes,BREAKOUT_BUY,TIER1_CLEAN,INSIDE_VA,WIN,67.5,25562.0,25629.5,67.5,25530.1,25562.0,25494.5
2025-11-10,Lunes,BREAKOUT_SELL,TIER1_CLEAN,INSIDE_VA,FLAT,-26.8,25494.5,25521.2,67.5,25530.1,25562.0,25494.5
2025-11-11,Martes,BREAKOUT_SELL,TIER1_CLEAN,INSIDE_VA,WIN,75.5,25594.0,25518.4,75.5,25613.9,25669.5,25594.0
2025-11-12,Miércoles,BREAKOUT_SELL,TIER1_CLEAN,INSIDE_VA,WIN,52.5,25762.5,25710.0,52.5,25790.6,25815.0,25762.5
2025-11-13,Jueves,BREAKOUT_SELL,TIER3_NOISY,INSIDE_VA,WIN,76.6,25491.8,25415.2,153.2,25579.8,25644.9,25491.8
2025-11-14,Viernes,BOUNCE_FROM_VAL,TIER3_NOISY,BELOW_VA,LOSS,-70.7,24749.2,24678.5,353.6,24987.6,25102.9,24749.2
2025-11-17,Lunes,BOUNCE_FROM_VAL,TIER3_NOISY,BELOW_VA,LOSS,-44.5,25138.8,25094.3,222.5,25238.3,25361.2,25138.8
2025-11-18,Martes,BREAKOUT_BUY,TIER2_NORMAL,INSIDE_VA,LOSS,-147.1,24825.4,24678.3,127.9,24727.4,24825.4,24697.5
2025-11-18,Martes,BREAKOUT_SELL,TIER2_NORMAL,INSIDE_VA,WIN,127.9,24697.5,24569.6,127.9,24727.4,24825.4,24697.5
2025-11-19,Miércoles,BREAKOUT_BUY,TIER2_NORMAL,INSIDE_VA,LOSS,-154.7,24733.2,24578.6,134.5,24699.6,24733.2,24598.7
2025-11-19,Miércoles,BREAKOUT_SELL,TIER2_NORMAL,INSIDE_VA,LOSS,-154.7,24598.7,24753.4,134.5,24699.6,24733.2,24598.7
2025-11-20,Jueves,FADE_GAP_UP,TIER2_NORMAL,ABOVE_VA,LOSS,-25.9,25230.0,25255.9,129.3,25139.5,25200.1,25070.8
2025-11-21,Viernes,FADE_GAP_UP,TIER3_NOISY,ABOVE_VA,LOSS,-41.3,24242.0,24283.3,206.7,24156.4,24214.5,24007.8
2025-11-24,Lunes,BREAKOUT_BUY,TIER2_NORMAL,INSIDE_VA,WIN,121.3,24564.0,24685.4,121.3,24500.0,24564.0,24442.6
2025-11-25,Martes,BREAKOUT_SELL,TIER1_CLEAN,INSIDE_VA,WIN,76.6,24862.9,24786.2,76.6,24885.9,24939.5,24862.9
2025-11-26,Miércoles,BREAKOUT_BUY,TIER1_CLEAN,INSIDE_VA,WIN,58.6,25220.1,25278.7,58.6,25183.0,25220.1,25161.5
2025-11-26,Miércoles,BREAKOUT_SELL,TIER1_CLEAN,INSIDE_VA,LOSS,-67.4,25161.5,25228.9,58.6,25183.0,25220.1,25161.5
2025-12-01,Lunes,BREAKOUT_BUY,TIER1_CLEAN,INSIDE_VA,WIN,84.7,25302.9,25387.6,84.7,25245.6,25302.9,25218.2
2025-12-01,Lunes,BREAKOUT_SELL,TIER1_CLEAN,INSIDE_VA,LOSS,-97.4,25218.2,25315.6,84.7,25245.6,25302.9,25218.2
2025-12-02,Martes,BREAKOUT_BUY,TIER2_NORMAL,INSIDE_VA,WIN,114.0,25514.8,25628.8,114.0,25486.2,25514.8,25400.8
2025-12-03,Miércoles,BREAKOUT_SELL,TIER1_CLEAN,INSIDE_VA,WIN,41.4,25624.7,25583.4,41.4,25643.0,25666.1,25624.7
2025-12-04,Jueves,BREAKOUT_BUY,TIER1_CLEAN,INSIDE_VA,LOSS,-44.5,25665.7,25621.2,38.7,25655.3,25665.7,25627.0
2025-12-04,Jueves,BREAKOUT_SELL,TIER1_CLEAN,INSIDE_VA,LOSS,-44.5,25627.0,25671.5,38.7,25655.3,25665.7,25627.0
2025-12-05,Viernes,BOUNCE_FROM_VAL,TIER1_CLEAN,BELOW_VA,LOSS,-16.4,25673.6,25657.2,82.1,25723.5,25755.8,25673.6
2025-12-08,Lunes,FADE_GAP_UP,TIER1_CLEAN,ABOVE_VA,LOSS,-7.0,25810.2,25817.3,35.2,25794.2,25807.2,25771.9
2025-12-09,Martes,BOUNCE_FROM_VAL,TIER1_CLEAN,BELOW_VA,LOSS,-11.2,25634.4,25623.3,55.8,25662.3,25690.2,25634.4
2025-12-10,Miércoles,BREAKOUT_SELL,TIER1_CLEAN,INSIDE_VA,WIN,73.5,25659.2,25585.7,73.5,25709.0,25732.8,25659.2
2025-12-11,Jueves,BREAKOUT_BUY,TIER3_NOISY,INSIDE_VA,LOSS,-203.0,25647.3,25444.3,176.5,25489.9,25647.3,25470.8
2025-12-11,Jueves,BREAKOUT_SELL,TIER3_NOISY,INSIDE_VA,LOSS,-203.0,25470.8,25673.8,176.5,25489.9,25647.3,25470.8
2025-12-12,Viernes,BREAKOUT_SELL,TIER2_NORMAL,INSIDE_VA,WIN,108.8,25532.5,25423.7,108.8,25569.7,25641.3,25532.5
2025-12-15,Lunes,BREAKOUT_BUY,TIER1_CLEAN,INSIDE_VA,LOSS,-88.1,25383.5,25295.4,76.6,25340.1,25383.5,25306.9
2025-12-15,Lunes,BREAKOUT_SELL,TIER1_CLEAN,INSIDE_VA,LOSS,-88.1,25306.9,25395.0,76.6,25340.1,25383.5,25306.9
2025-12-16,Martes,BREAKOUT_BUY,TIER3_NOISY,INSIDE_VA,WIN,139.6,25256.2,25395.8,279.2,25079.3,25256.2,24976.9
2025-12-16,Martes,BREAKOUT_SELL,TIER3_NOISY,INSIDE_VA,LOSS,-321.1,24976.9,25298.1,279.2,25079.3,25256.2,24976.9
2025-12-17,Miércoles,FADE_GAP_UP,TIER3_NOISY,ABOVE_VA,WIN,30.8,25464.8,25434.0,238.5,25337.1,25434.0,25195.4
2025-12-18,Jueves,FADE_GAP_UP,TIER3_NOISY,ABOVE_VA,LOSS,-37.2,25221.5,25258.7,186.2,25093.4,25191.6,25005.5
2025-12-19,Viernes,BREAKOUT_BUY,TIER1_CLEAN,INSIDE_VA,WIN,76.0,25372.4,25448.4,76.0,25357.6,25372.4,25296.3
2025-12-22,Lunes,FADE_GAP_UP,TIER1_CLEAN,ABOVE_VA,LOSS,-12.6,25753.0,25765.6,63.2,25708.0,25734.9,25671.7
2025-12-23,Martes,BOUNCE_FROM_VAL,TIER1_CLEAN,BELOW_VA,LOSS,-11.2,25652.3,25641.1,56.1,25678.4,25708.5,25652.3
2025-12-26,Viernes,BREAKOUT_BUY,TIER1_CLEAN,INSIDE_VA,LOSS,-55.2,25912.6,25857.4,48.0,25876.6,25912.6,25864.6
2025-12-26,Viernes,BREAKOUT_SELL,TIER1_CLEAN,INSIDE_VA,LOSS,-55.2,25864.6,25919.8,48.0,25876.6,25912.6,25864.6
2025-12-29,Lunes,BREAKOUT_BUY,TIER2_NORMAL,INSIDE_VA,FLAT,-82.4,25777.9,25695.5,117.2,25755.1,25777.9,25660.8
2025-12-29,Lunes,BREAKOUT_SELL,TIER2_NORMAL,INSIDE_VA,LOSS,-134.7,25660.8,25795.5,117.2,25755.1,25777.9,25660.8
2025-12-30,Martes,BREAKOUT_BUY,TIER1_CLEAN,INSIDE_VA,LOSS,-36.2,25743.2,25707.0,31.5,25730.9,25743.2,25711.8
2025-12-30,Martes,BREAKOUT_SELL,TIER1_CLEAN,INSIDE_VA,LOSS,-36.2,25711.8,25748.0,31.5,25730.9,25743.2,25711.8
2025-12-31,Miércoles,FADE_GAP_UP,TIER1_CLEAN,ABOVE_VA,WIN,69.1,25702.8,25633.6,75.7,25582.2,25633.6,25557.9
2026-01-02,Viernes,BREAKOUT_BUY,TIER1_CLEAN,INSIDE_VA,LOSS,-74.9,25742.8,25667.9,65.1,25714.5,25742.8,25677.6
2026-01-02,Viernes,BREAKOUT_SELL,TIER1_CLEAN,INSIDE_VA,LOSS,-74.9,25677.6,25752.5,65.1,25714.5,25742.8,25677.6
2026-01-05,Lunes,BREAKOUT_BUY,TIER1_CLEAN,INSIDE_VA,WIN,82.6,25579.0,25661.6,82.6,25549.1,25579.0,25496.3
2026-01-06,Martes,BREAKOUT_BUY,TIER1_CLEAN,INSIDE_VA,WIN,68.5,25649.8,25718.3,68.5,25593.5,25649.8,25581.3
2026-01-07,Miércoles,BREAKOUT_BUY,TIER1_CLEAN,INSIDE_VA,WIN,38.8,25792.5,25831.3,38.8,25757.3,25792.5,25753.7
2026-01-08,Jueves,BREAKOUT_BUY,TIER1_CLEAN,INSIDE_VA,LOSS,-73.8,25803.2,25729.4,64.1,25761.3,25803.2,25739.1
2026-01-08,Jueves,BREAKOUT_SELL,TIER1_CLEAN,INSIDE_VA,WIN,64.1,25739.1,25674.9,64.1,25761.3,25803.2,25739.1
2026-01-09,Viernes,BREAKOUT_BUY,TIER2_NORMAL,INSIDE_VA,LOSS,-130.9,25807.5,25676.6,113.8,25732.5,25807.5,25693.6
2026-01-09,Viernes,BREAKOUT_SELL,TIER2_NORMAL,INSIDE_VA,LOSS,-130.9,25693.6,25824.6,113.8,25732.5,25807.5,25693.6
2026-01-12,Lunes,BREAKOUT_BUY,TIER1_CLEAN,INSIDE_VA,WIN,60.8,25750.0,25810.8,60.8,25730.4,25750.0,25689.2
2026-01-13,Martes,FADE_GAP_UP,TIER1_CLEAN,ABOVE_VA,LOSS,-15.1,25970.2,25985.4,75.5,25909.0,25946.8,25871.2
2026-01-14,Miércoles,BREAKOUT_SELL,TIER2_NORMAL,INSIDE_VA,WIN,138.8,25701.2,25562.5,138.8,25740.5,25840.0,25701.2
2026-01-15,Jueves,BREAKOUT_BUY,TIER3_NOISY,INSIDE_VA,FLAT,8.0,25916.8,25924.8,222.6,25826.6,25916.8,25694.2
2026-01-16,Viernes,BREAKOUT_BUY,TIER1_CLEAN,INSIDE_VA,LOSS,-38.7,25839.6,25800.8,33.7,25812.3,25839.6,25805.9
2026-01-16,Viernes,BREAKOUT_SELL,TIER1_CLEAN,INSIDE_VA,LOSS,-38.7,25805.9,25844.6,33.7,25812.3,25839.6,25805.9
2026-01-20,Martes,BREAKOUT_BUY,TIER2_NORMAL,INSIDE_VA,WIN,116.3,25285.6,25401.9,116.3,25195.7,25285.6,25169.3
2026-01-21,Miércoles,BREAKOUT_BUY,TIER3_NOISY,INSIDE_VA,WIN,81.2,25231.7,25313.0,162.4,25213.3,25231.7,25069.3
2026-01-22,Jueves,BREAKOUT_SELL,TIER2_NORMAL,INSIDE_VA,FLAT,-57.8,25611.8,25669.5,128.0,25684.3,25739.8,25611.8
2026-01-23,Viernes,BREAKOUT_BUY,TIER1_CLEAN,INSIDE_VA,WIN,82.9,25635.9,25718.8,82.9,25588.1,25635.9,25553.0
2026-01-26,Lunes,BREAKOUT_BUY,TIER1_CLEAN,INSIDE_VA,WIN,69.3,25720.7,25790.0,69.3,25670.0,25720.7,25651.3
2026-01-27,Martes,BREAKOUT_BUY,TIER1_CLEAN,INSIDE_VA,LOSS,-43.7,26020.2,25976.5,38.0,25993.6,26020.2,25982.2
2026-01-27,Martes,BREAKOUT_SELL,TIER1_CLEAN,INSIDE_VA,LOSS,-43.7,25982.2,26025.9,38.0,25993.6,26020.2,25982.2
2026-01-28,Miércoles,BREAKOUT_SELL,TIER1_CLEAN,INSIDE_VA,WIN,53.8,26266.2,26212.3,53.8,26288.9,26320.0,26266.2
2026-01-29,Jueves,BREAKOUT_SELL,TIER1_CLEAN,INSIDE_VA,WIN,78.0,26172.2,26094.2,78.0,26196.0,26250.2,26172.2
2026-01-30,Viernes,BREAKOUT_BUY,TIER2_NORMAL,INSIDE_VA,FLAT,-88.1,25845.6,25757.5,144.8,25773.2,25845.6,25700.8
2026-02-02,Lunes,FADE_GAP_UP,TIER3_NOISY,ABOVE_VA,LOSS,-45.6,25529.8,25575.3,227.8,25462.1,25528.0,25300.2
2026-02-03,Martes,BREAKOUT_SELL,TIER1_CLEAN,INSIDE_VA,WIN,45.2,25958.2,25913.1,45.2,25980.8,26003.4,25958.2
2026-02-05,Jueves,BOUNCE_FROM_VAL,TIER3_NOISY,BELOW_VA,LOSS,-58.3,24832.4,24774.1,291.4,25047.4,25123.8,24832.4
2026-02-06,Viernes,BREAKOUT_BUY,TIER3_NOISY,INSIDE_VA,WIN,140.1,24873.2,25013.4,280.2,24792.1,24873.2,24593.0
2026-02-09,Lunes,BREAKOUT_BUY,TIER3_NOISY,INSIDE_VA,LOSS,-179.1,25176.1,24997.0,155.7,25085.3,25176.1,25020.4
2026-02-09,Lunes,BREAKOUT_SELL,TIER3_NOISY,INSIDE_VA,LOSS,-179.1,25020.4,25199.5,155.7,25085.3,25176.1,25020.4
2026-02-10,Martes,BREAKOUT_BUY,TIER1_CLEAN,INSIDE_VA,LOSS,-64.7,25373.9,25309.3,56.2,25345.8,25373.9,25317.7
2026-02-10,Martes,BREAKOUT_SELL,TIER1_CLEAN,INSIDE_VA,LOSS,-64.7,25317.7,25382.4,56.2,25345.8,25373.9,25317.7
2026-02-11,Miércoles,FADE_GAP_UP,TIER2_NORMAL,ABOVE_VA,WIN,113.8,25443.5,25329.7,142.7,25243.1,25329.7,25187.0
2026-02-12,Jueves,FADE_GAP_UP,TIER1_CLEAN,ABOVE_VA,WIN,23.3,25396.2,25372.9,46.8,25341.0,25372.9,25326.1
2026-02-13,Viernes,FADE_GAP_UP,TIER2_NORMAL,ABOVE_VA,LOSS,-21.6,24780.8,24802.4,108.1,24732.0,24775.9,24667.8
2026-02-17,Martes,BREAKOUT_BUY,TIER1_CLEAN,INSIDE_VA,LOSS,-112.0,24678.0,24566.0,97.4,24625.9,24678.0,24580.6
2026-02-17,Martes,BREAKOUT_SELL,TIER1_CLEAN,INSIDE_VA,LOSS,-112.0,24580.6,24692.7,97.4,24625.9,24678.0,24580.6
2026-02-18,Miércoles,BOUNCE_FROM_VAL,TIER1_CLEAN,BELOW_VA,LOSS,-18.2,24850.2,24832.0,90.9,24911.7,24941.1,24850.2
2026-02-19,Jueves,BREAKOUT_BUY,TIER3_NOISY,INSIDE_VA,FLAT,-107.8,24951.6,24843.8,153.6,24862.0,24951.6,24798.0
2026-02-19,Jueves,BREAKOUT_SELL,TIER3_NOISY,INSIDE_VA,FLAT,-45.8,24798.0,24843.8,153.6,24862.0,24951.6,24798.0
2026-02-20,Viernes,BOUNCE_FROM_VAL,TIER3_NOISY,BELOW_VA,LOSS,-35.0,24809.9,24775.0,174.8,24936.7,24984.8,24809.9
2026-02-23,Lunes,BREAKOUT_BUY,TIER1_CLEAN,INSIDE_VA,LOSS,-105.6,24977.8,24872.2,91.8,24908.9,24977.8,24886.0
2026-02-23,Lunes,BREAKOUT_SELL,TIER1_CLEAN,INSIDE_VA,LOSS,-105.6,24886.0,24991.5,91.8,24908.9,24977.8,24886.0
2026-02-24,Martes,FADE_GAP_UP,TIER1_CLEAN,ABOVE_VA,LOSS,-13.2,24876.8,24889.9,65.9,24834.0,24869.3,24803.4
2026-02-25,Miércoles,BREAKOUT_BUY,TIER2_NORMAL,INSIDE_VA,WIN,103.8,25165.8,25269.5,103.8,25128.7,25165.8,25062.0
2026-02-26,Jueves,BREAKOUT_BUY,TIER1_CLEAN,INSIDE_VA,LOSS,-60.6,25397.7,25337.1,52.7,25364.7,25397.7,25345.0
2026-02-26,Jueves,BREAKOUT_SELL,TIER1_CLEAN,INSIDE_VA,WIN,52.7,25345.0,25292.3,52.7,25364.7,25397.7,25345.0
2026-02-27,Viernes,BOUNCE_FROM_VAL,TIER3_NOISY,BELOW_VA,LOSS,-36.6,24895.4,24858.8,183.0,25042.8,25078.4,24895.4
2026-03-02,Lunes,BREAKOUT_BUY,TIER2_NORMAL,INSIDE_VA,WIN,146.2,24701.2,24847.5,146.2,24647.6,24701.2,24555.0
2026-03-03,Martes,BREAKOUT_BUY,TIER3_NOISY,INSIDE_VA,LOSS,-246.3,24599.5,24353.2,214.2,24484.8,24599.5,24385.3
2026-03-03,Martes,BREAKOUT_SELL,TIER3_NOISY,INSIDE_VA,LOSS,-246.3,24385.3,24631.6,214.2,24484.8,24599.5,24385.3
2026-03-04,Miércoles,BREAKOUT_BUY,TIER3_NOISY,INSIDE_VA,WIN,136.6,24930.2,25066.8,273.1,24822.4,24930.2,24657.1
2026-03-05,Jueves,BOUNCE_FROM_VAL,TIER2_NORMAL,BELOW_VA,LOSS,-24.8,25019.8,24995.0,124.0,25046.9,25143.8,25019.8
2026-03-06,Viernes,BOUNCE_FROM_VAL,TIER3_NOISY,BELOW_VA,WIN,200.6,24653.1,24853.7,331.4,24853.7,24984.5,24653.1
2026-03-09,Lunes,BREAKOUT_BUY,TIER3_NOISY,INSIDE_VA,WIN,102.4,24454.8,24557.2,204.8,24366.1,24454.8,24250.0
2026-03-10,Martes,BREAKOUT_BUY,TIER3_NOISY,INSIDE_VA,LOSS,-211.8,25150.5,24938.7,184.2,25090.6,25150.5,24966.3
2026-03-10,Martes,BREAKOUT_SELL,TIER3_NOISY,INSIDE_VA,LOSS,-211.8,24966.3,25178.1,184.2,25090.6,25150.5,24966.3
2026-03-11,Miércoles,BREAKOUT_BUY,TIER2_NORMAL,INSIDE_VA,WIN,104.1,25037.0,25141.0,104.1,24951.5,25037.0,24932.9
2026-03-11,Miércoles,BREAKOUT_SELL,TIER2_NORMAL,INSIDE_VA,LOSS,-119.7,24932.9,25052.6,104.1,24951.5,25037.0,24932.9
2026-03-12,Jueves,BREAKOUT_SELL,TIER2_NORMAL,INSIDE_VA,WIN,109.2,24804.2,24694.9,109.2,24851.5,24913.4,24804.2
2026-03-13,Viernes,BREAKOUT_BUY,TIER3_NOISY,INSIDE_VA,LOSS,-248.4,24726.6,24478.3,216.0,24561.8,24726.6,24510.7
2026-03-13,Viernes,BREAKOUT_SELL,TIER3_NOISY,INSIDE_VA,LOSS,-248.4,24510.7,24759.0,216.0,24561.8,24726.6,24510.7
2026-03-16,Lunes,FADE_GAP_UP,TIER2_NORMAL,ABOVE_VA,LOSS,-28.1,24658.0,24686.1,140.5,24516.6,24625.5,24485.0
2026-03-17,Martes,FADE_GAP_UP,TIER2_NORMAL,ABOVE_VA,LOSS,-21.2,24932.8,24954.0,106.0,24816.6,24855.4,24749.4
2026-03-19,Jueves,BOUNCE_FROM_VAL,TIER2_NORMAL,BELOW_VA,LOSS,-22.8,24513.6,24490.8,113.9,24585.7,24627.5,24513.6
2026-03-20,Viernes,BREAKOUT_SELL,TIER3_NOISY,INSIDE_VA,FLAT,8.2,24319.0,24310.8,227.9,24432.9,24546.9,24319.0
